,Case,Mitigation Case,Sector,Subsector,End Use Application,Energy carrier,Energy carrier type,Generation Type,Year,Energy Unit,Electricity Production
0,Reference case,-,Electric Power,-,Electricity Generation,Electricity,Biogenic Municipal Waste,Biomass,2020,mmbtu,57890454.58430823
1,Reference case,-,Electric Power,-,Electricity Generation,Electricity,Coal,Coal,2020,mmbtu,2457760898.628731
2,Reference case,-,Electric Power,-,Electricity Generation,Electricity,Conventional Hydroelectric Power,Hydroelectric,2020,mmbtu,899295343.1996888
3,Reference case,-,Electric Power,-,Electricity Generation,Electricity,Distributed Generation,Other,2020,mmbtu,0.0
4,Reference case,-,Electric Power,-,Electricity Generation,Electricity,Geothermal,Geothermal,2020,mmbtu,49634793.19361681
5,Reference case,-,Electric Power,-,Electricity Generation,Electricity,Municipal Waste,Other,2020,mmbtu,10850109.270883381
6,Reference case,-,Electric Power,-,Electricity Generation,Electricity,Natural Gas,Natural Gas,2020,mmbtu,5197062954.29715
7,Reference case,-,Electric Power,-,Electricity Generation,Electricity,Nuclear,Nuclear,2020,mmbtu,2492410591.821371
8,Reference case,-,Electric Power,-,Electricity Generation,Electricity,Offshore Wind,Wind,2020,mmbtu,354619.4188939125
9,Reference case,-,Electric Power,-,Electricity Generation,Electricity,Other,Other,2020,mmbtu,9799659.604444973
10,Reference case,-,Electric Power,-,Electricity Generation,Electricity,Other Gaseous Fuels,Other,2020,mmbtu,37566239.42017437
11,Reference case,-,Electric Power,-,Electricity Generation,Electricity,Petroleum,Petroleum,2020,mmbtu,49841730.74256637
12,Reference case,-,Electric Power,-,Electricity Generation,Electricity,Pumped Storage and Other,Other,2020,mmbtu,4396864.753232437
13,Reference case,-,Electric Power,-,Electricity Generation,Electricity,Solar Photovoltaic,Solar,2020,mmbtu,410188783.6245599
14,Reference case,-,Electric Power,-,Electricity Generation,Electricity,Solar Thermal,Solar,2020,mmbtu,10411420.976496538
15,Reference case,-,Electric Power,-,Electricity Generation,Electricity,Wind,Wind,2020,mmbtu,1088509851.391635
16,Reference case,-,Electric Power,-,Electricity Generation,Electricity,Wood and Other Biomass,Biomass,2020,mmbtu,121902353.00751995
17,Reference case,-,Electric Power,-,Electricity Generation,Electricity,Biogenic Municipal Waste,Biomass,2021,mmbtu,60888539.55499182
18,Reference case,-,Electric Power,-,Electricity Generation,Electricity,Coal,Coal,2021,mmbtu,2992553786.794571
19,Reference case,-,Electric Power,-,Electricity Generation,Electricity,Conventional Hydroelectric Power,Hydroelectric,2021,mmbtu,894456390.545651
20,Reference case,-,Electric Power,-,Electricity Generation,Electricity,Distributed Generation,Other,2021,mmbtu,0.0
21,Reference case,-,Electric Power,-,Electricity Generation,Electricity,Geothermal,Geothermal,2021,mmbtu,49137966.94368684
22,Reference case,-,Electric Power,-,Electricity Generation,Electricity,Municipal Waste,Other,2021,mmbtu,10856330.90664427
23,Reference case,-,Electric Power,-,Electricity Generation,Electricity,Natural Gas,Natural Gas,2021,mmbtu,4538277048.366483
24,Reference case,-,Electric Power,-,Electricity Generation,Electricity,Nuclear,Nuclear,2021,mmbtu,2416901025.827648
25,Reference case,-,Electric Power,-,Electricity Generation,Electricity,Offshore Wind,Wind,2021,mmbtu,407741.118329169
26,Reference case,-,Electric Power,-,Electricity Generation,Electricity,Other,Other,2021,mmbtu,9805278.894639881
27,Reference case,-,Electric Power,-,Electricity Generation,Electricity,Other Gaseous Fuels,Other,2021,mmbtu,38017686.16047687
28,Reference case,-,Electric Power,-,Electricity Generation,Electricity,Petroleum,Petroleum,2021,mmbtu,38677508.419725634
29,Reference case,-,Electric Power,-,Electricity Generation,Electricity,Pumped Storage and Other,Other,2021,mmbtu,2588433.0141623053
30,Reference case,-,Electric Power,-,Electricity Generation,Electricity,Solar Photovoltaic,Solar,2021,mmbtu,521563828.00785506
31,Reference case,-,Electric Power,-,Electricity Generation,Electricity,Solar Thermal,Solar,2021,mmbtu,11071452.137443408
32,Reference case,-,Electric Power,-,Electricity Generation,Electricity,Wind,Wind,2021,mmbtu,1279324647.1694808
33,Reference case,-,Electric Power,-,Electricity Generation,Electricity,Wood and Other Biomass,Biomass,2021,mmbtu,123461915.25007638
34,Reference case,-,Electric Power,-,Electricity Generation,Electricity,Biogenic Municipal Waste,Biomass,2022,mmbtu,61569240.92892241
35,Reference case,-,Electric Power,-,Electricity Generation,Electricity,Coal,Coal,2022,mmbtu,3157069845.810187
36,Reference case,-,Electric Power,-,Electricity Generation,Electricity,Conventional Hydroelectric Power,Hydroelectric,2022,mmbtu,916230194.9694763
37,Reference case,-,Electric Power,-,Electricity Generation,Electricity,Distributed Generation,Other,2022,mmbtu,1598563.4125399315
38,Reference case,-,Electric Power,-,Electricity Generation,Electricity,Geothermal,Geothermal,2022,mmbtu,51100468.57879692
39,Reference case,-,Electric Power,-,Electricity Generation,Electricity,Municipal Waste,Other,2022,mmbtu,10864140.88263451
40,Reference case,-,Electric Power,-,Electricity Generation,Electricity,Natural Gas,Natural Gas,2022,mmbtu,4553940073.471706
41,Reference case,-,Electric Power,-,Electricity Generation,Electricity,Nuclear,Nuclear,2022,mmbtu,2342646357.903297
42,Reference case,-,Electric Power,-,Electricity Generation,Electricity,Offshore Wind,Wind,2022,mmbtu,4656625.962745251
43,Reference case,-,Electric Power,-,Electricity Generation,Electricity,Other,Other,2022,mmbtu,10731605.133435516
44,Reference case,-,Electric Power,-,Electricity Generation,Electricity,Other Gaseous Fuels,Other,2022,mmbtu,40598354.00182869
45,Reference case,-,Electric Power,-,Electricity Generation,Electricity,Petroleum,Petroleum,2022,mmbtu,37925445.84654357
46,Reference case,-,Electric Power,-,Electricity Generation,Electricity,Pumped Storage and Other,Other,2022,mmbtu,2600432.934305371
47,Reference case,-,Electric Power,-,Electricity Generation,Electricity,Solar Photovoltaic,Solar,2022,mmbtu,637640495.3522134
48,Reference case,-,Electric Power,-,Electricity Generation,Electricity,Solar Thermal,Solar,2022,mmbtu,10603928.413575169
49,Reference case,-,Electric Power,-,Electricity Generation,Electricity,Wind,Wind,2022,mmbtu,1315262505.5596821
50,Reference case,-,Electric Power,-,Electricity Generation,Electricity,Wood and Other Biomass,Biomass,2022,mmbtu,125654597.27715398
51,Reference case,-,Electric Power,-,Electricity Generation,Electricity,Biogenic Municipal Waste,Biomass,2023,mmbtu,64900071.35668243
52,Reference case,-,Electric Power,-,Electricity Generation,Electricity,Coal,Coal,2023,mmbtu,2773930730.841082
53,Reference case,-,Electric Power,-,Electricity Generation,Electricity,Conventional Hydroelectric Power,Hydroelectric,2023,mmbtu,940213349.9703257
54,Reference case,-,Electric Power,-,Electricity Generation,Electricity,Distributed Generation,Other,2023,mmbtu,2116292.597687327
55,Reference case,-,Electric Power,-,Electricity Generation,Electricity,Geothermal,Geothermal,2023,mmbtu,51865549.69081498
56,Reference case,-,Electric Power,-,Electricity Generation,Electricity,Municipal Waste,Other,2023,mmbtu,10871071.507265875
57,Reference case,-,Electric Power,-,Electricity Generation,Electricity,Natural Gas,Natural Gas,2023,mmbtu,4753834914.9868765
58,Reference case,-,Electric Power,-,Electricity Generation,Electricity,Nuclear,Nuclear,2023,mmbtu,2385872221.6909466
59,Reference case,-,Electric Power,-,Electricity Generation,Electricity,Offshore Wind,Wind,2023,mmbtu,9793317.590989446
60,Reference case,-,Electric Power,-,Electricity Generation,Electricity,Other,Other,2023,mmbtu,10738451.20876493
61,Reference case,-,Electric Power,-,Electricity Generation,Electricity,Other Gaseous Fuels,Other,2023,mmbtu,40658965.82033735
62,Reference case,-,Electric Power,-,Electricity Generation,Electricity,Petroleum,Petroleum,2023,mmbtu,35792222.80142395
63,Reference case,-,Electric Power,-,Electricity Generation,Electricity,Pumped Storage and Other,Other,2023,mmbtu,2377539.757513283
64,Reference case,-,Electric Power,-,Electricity Generation,Electricity,Solar Photovoltaic,Solar,2023,mmbtu,695082105.2115797
65,Reference case,-,Electric Power,-,Electricity Generation,Electricity,Solar Thermal,Solar,2023,mmbtu,10338321.531822693
66,Reference case,-,Electric Power,-,Electricity Generation,Electricity,Wind,Wind,2023,mmbtu,1544484541.0640666
67,Reference case,-,Electric Power,-,Electricity Generation,Electricity,Wood and Other Biomass,Biomass,2023,mmbtu,125452342.87793739
68,Reference case,-,Electric Power,-,Electricity Generation,Electricity,Biogenic Municipal Waste,Biomass,2024,mmbtu,69377791.02547535
69,Reference case,-,Electric Power,-,Electricity Generation,Electricity,Coal,Coal,2024,mmbtu,2484785747.377704
70,Reference case,-,Electric Power,-,Electricity Generation,Electricity,Conventional Hydroelectric Power,Hydroelectric,2024,mmbtu,941565501.535077
71,Reference case,-,Electric Power,-,Electricity Generation,Electricity,Distributed Generation,Other,2024,mmbtu,2744679.9003038676
72,Reference case,-,Electric Power,-,Electricity Generation,Electricity,Geothermal,Geothermal,2024,mmbtu,55261464.77866104
73,Reference case,-,Electric Power,-,Electricity Generation,Electricity,Municipal Waste,Other,2024,mmbtu,10877269.852711836
74,Reference case,-,Electric Power,-,Electricity Generation,Electricity,Natural Gas,Natural Gas,2024,mmbtu,4724017577.706457
75,Reference case,-,Electric Power,-,Electricity Generation,Electricity,Nuclear,Nuclear,2024,mmbtu,2397195274.9421496
76,Reference case,-,Electric Power,-,Electricity Generation,Electricity,Offshore Wind,Wind,2024,mmbtu,10800166.897668134
77,Reference case,-,Electric Power,-,Electricity Generation,Electricity,Other,Other,2024,mmbtu,10744573.93825871
78,Reference case,-,Electric Power,-,Electricity Generation,Electricity,Other Gaseous Fuels,Other,2024,mmbtu,40682148.29277914
79,Reference case,-,Electric Power,-,Electricity Generation,Electricity,Petroleum,Petroleum,2024,mmbtu,34285357.04224303
80,Reference case,-,Electric Power,-,Electricity Generation,Electricity,Pumped Storage and Other,Other,2024,mmbtu,1841712.1883682758
81,Reference case,-,Electric Power,-,Electricity Generation,Electricity,Solar Photovoltaic,Solar,2024,mmbtu,786364216.0813138
82,Reference case,-,Electric Power,-,Electricity Generation,Electricity,Solar Thermal,Solar,2024,mmbtu,10331681.357762057
83,Reference case,-,Electric Power,-,Electricity Generation,Electricity,Wind,Wind,2024,mmbtu,1914542206.3396149
84,Reference case,-,Electric Power,-,Electricity Generation,Electricity,Wood and Other Biomass,Biomass,2024,mmbtu,126067734.74156208
85,Reference case,-,Electric Power,-,Electricity Generation,Electricity,Biogenic Municipal Waste,Biomass,2025,mmbtu,73099281.44454949
86,Reference case,-,Electric Power,-,Electricity Generation,Electricity,Coal,Coal,2025,mmbtu,2250206189.64354
87,Reference case,-,Electric Power,-,Electricity Generation,Electricity,Conventional Hydroelectric Power,Hydroelectric,2025,mmbtu,940536979.4528667
88,Reference case,-,Electric Power,-,Electricity Generation,Electricity,Distributed Generation,Other,2025,mmbtu,3956631.4722703337
89,Reference case,-,Electric Power,-,Electricity Generation,Electricity,Geothermal,Geothermal,2025,mmbtu,59109199.783434086
90,Reference case,-,Electric Power,-,Electricity Generation,Electricity,Municipal Waste,Other,2025,mmbtu,10882503.631585382
91,Reference case,-,Electric Power,-,Electricity Generation,Electricity,Natural Gas,Natural Gas,2025,mmbtu,4935464365.278956
92,Reference case,-,Electric Power,-,Electricity Generation,Electricity,Nuclear,Nuclear,2025,mmbtu,2372904665.818784
93,Reference case,-,Electric Power,-,Electricity Generation,Electricity,Offshore Wind,Wind,2025,mmbtu,10806306.446073612
94,Reference case,-,Electric Power,-,Electricity Generation,Electricity,Other,Other,2025,mmbtu,10749743.868291225
95,Reference case,-,Electric Power,-,Electricity Generation,Electricity,Other Gaseous Fuels,Other,2025,mmbtu,40701723.18345928
96,Reference case,-,Electric Power,-,Electricity Generation,Electricity,Petroleum,Petroleum,2025,mmbtu,33104595.2614219
97,Reference case,-,Electric Power,-,Electricity Generation,Electricity,Pumped Storage and Other,Other,2025,mmbtu,2140070.3107298934
98,Reference case,-,Electric Power,-,Electricity Generation,Electricity,Solar Photovoltaic,Solar,2025,mmbtu,936802065.5132056
99,Reference case,-,Electric Power,-,Electricity Generation,Electricity,Solar Thermal,Solar,2025,mmbtu,10065842.1950099
100,Reference case,-,Electric Power,-,Electricity Generation,Electricity,Wind,Wind,2025,mmbtu,1995761441.8639276
101,Reference case,-,Electric Power,-,Electricity Generation,Electricity,Wood and Other Biomass,Biomass,2025,mmbtu,126605368.12777154
102,Reference case,-,Electric Power,-,Electricity Generation,Electricity,Biogenic Municipal Waste,Biomass,2026,mmbtu,76905503.26633021
103,Reference case,-,Electric Power,-,Electricity Generation,Electricity,Coal,Coal,2026,mmbtu,2303722025.477684
104,Reference case,-,Electric Power,-,Electricity Generation,Electricity,Conventional Hydroelectric Power,Hydroelectric,2026,mmbtu,940790185.7807077
105,Reference case,-,Electric Power,-,Electricity Generation,Electricity,Distributed Generation,Other,2026,mmbtu,4576881.050187647
106,Reference case,-,Electric Power,-,Electricity Generation,Electricity,Geothermal,Geothermal,2026,mmbtu,62469895.18437597
107,Reference case,-,Electric Power,-,Electricity Generation,Electricity,Municipal Waste,Other,2026,mmbtu,10882036.713152125
108,Reference case,-,Electric Power,-,Electricity Generation,Electricity,Natural Gas,Natural Gas,2026,mmbtu,5055508014.851952
109,Reference case,-,Electric Power,-,Electricity Generation,Electricity,Nuclear,Nuclear,2026,mmbtu,2098906408.1642215
110,Reference case,-,Electric Power,-,Electricity Generation,Electricity,Offshore Wind,Wind,2026,mmbtu,10805928.798156109
111,Reference case,-,Electric Power,-,Electricity Generation,Electricity,Other,Other,2026,mmbtu,10749282.645971911
112,Reference case,-,Electric Power,-,Electricity Generation,Electricity,Other Gaseous Fuels,Other,2026,mmbtu,40699976.858765714
113,Reference case,-,Electric Power,-,Electricity Generation,Electricity,Petroleum,Petroleum,2026,mmbtu,32117941.467454627
114,Reference case,-,Electric Power,-,Electricity Generation,Electricity,Pumped Storage and Other,Other,2026,mmbtu,1409369.262086223
115,Reference case,-,Electric Power,-,Electricity Generation,Electricity,Solar Photovoltaic,Solar,2026,mmbtu,1119035652.1193342
116,Reference case,-,Electric Power,-,Electricity Generation,Electricity,Solar Thermal,Solar,2026,mmbtu,9974870.118085332
117,Reference case,-,Electric Power,-,Electricity Generation,Electricity,Wind,Wind,2026,mmbtu,2004003692.293974
118,Reference case,-,Electric Power,-,Electricity Generation,Electricity,Wood and Other Biomass,Biomass,2026,mmbtu,127036526.15968686
119,Reference case,-,Electric Power,-,Electricity Generation,Electricity,Biogenic Municipal Waste,Biomass,2027,mmbtu,80297719.67638282
120,Reference case,-,Electric Power,-,Electricity Generation,Electricity,Coal,Coal,2027,mmbtu,2224079576.282448
121,Reference case,-,Electric Power,-,Electricity Generation,Electricity,Conventional Hydroelectric Power,Hydroelectric,2027,mmbtu,940616375.1641057
122,Reference case,-,Electric Power,-,Electricity Generation,Electricity,Distributed Generation,Other,2027,mmbtu,5278076.914388514
123,Reference case,-,Electric Power,-,Electricity Generation,Electricity,Geothermal,Geothermal,2027,mmbtu,66097474.34908582
124,Reference case,-,Electric Power,-,Electricity Generation,Electricity,Municipal Waste,Other,2027,mmbtu,10879428.253759751
125,Reference case,-,Electric Power,-,Electricity Generation,Electricity,Natural Gas,Natural Gas,2027,mmbtu,5091817964.32752
126,Reference case,-,Electric Power,-,Electricity Generation,Electricity,Nuclear,Nuclear,2027,mmbtu,2053460005.7538178
127,Reference case,-,Electric Power,-,Electricity Generation,Electricity,Offshore Wind,Wind,2027,mmbtu,10799322.968283175
128,Reference case,-,Electric Power,-,Electricity Generation,Electricity,Other,Other,2027,mmbtu,10746706.008158764
129,Reference case,-,Electric Power,-,Electricity Generation,Electricity,Other Gaseous Fuels,Other,2027,mmbtu,40690220.94268997
130,Reference case,-,Electric Power,-,Electricity Generation,Electricity,Petroleum,Petroleum,2027,mmbtu,30624608.89031458
131,Reference case,-,Electric Power,-,Electricity Generation,Electricity,Pumped Storage and Other,Other,2027,mmbtu,1129661.2631781802
132,Reference case,-,Electric Power,-,Electricity Generation,Electricity,Solar Photovoltaic,Solar,2027,mmbtu,1270235536.8150387
133,Reference case,-,Electric Power,-,Electricity Generation,Electricity,Solar Thermal,Solar,2027,mmbtu,10345176.473444318
134,Reference case,-,Electric Power,-,Electricity Generation,Electricity,Wind,Wind,2027,mmbtu,2014432178.863519
135,Reference case,-,Electric Power,-,Electricity Generation,Electricity,Wood and Other Biomass,Biomass,2027,mmbtu,127300641.54202758
136,Reference case,-,Electric Power,-,Electricity Generation,Electricity,Biogenic Municipal Waste,Biomass,2028,mmbtu,83056547.80200559
137,Reference case,-,Electric Power,-,Electricity Generation,Electricity,Coal,Coal,2028,mmbtu,2239256758.5070972
138,Reference case,-,Electric Power,-,Electricity Generation,Electricity,Conventional Hydroelectric Power,Hydroelectric,2028,mmbtu,940303018.7058842
139,Reference case,-,Electric Power,-,Electricity Generation,Electricity,Distributed Generation,Other,2028,mmbtu,6203593.9099702835
140,Reference case,-,Electric Power,-,Electricity Generation,Electricity,Geothermal,Geothermal,2028,mmbtu,71555204.07043785
141,Reference case,-,Electric Power,-,Electricity Generation,Electricity,Municipal Waste,Other,2028,mmbtu,10876942.264194906
142,Reference case,-,Electric Power,-,Electricity Generation,Electricity,Natural Gas,Natural Gas,2028,mmbtu,5035023736.620847
143,Reference case,-,Electric Power,-,Electricity Generation,Electricity,Nuclear,Nuclear,2028,mmbtu,2054095686.804868
144,Reference case,-,Electric Power,-,Electricity Generation,Electricity,Offshore Wind,Wind,2028,mmbtu,30793496.773423534
145,Reference case,-,Electric Power,-,Electricity Generation,Electricity,Other,Other,2028,mmbtu,10744250.346117562
146,Reference case,-,Electric Power,-,Electricity Generation,Electricity,Other Gaseous Fuels,Other,2028,mmbtu,40680923.076819144
147,Reference case,-,Electric Power,-,Electricity Generation,Electricity,Petroleum,Petroleum,2028,mmbtu,29719879.135290116
148,Reference case,-,Electric Power,-,Electricity Generation,Electricity,Pumped Storage and Other,Other,2028,mmbtu,823019.0908013901
149,Reference case,-,Electric Power,-,Electricity Generation,Electricity,Solar Photovoltaic,Solar,2028,mmbtu,1357451668.1695611
150,Reference case,-,Electric Power,-,Electricity Generation,Electricity,Solar Thermal,Solar,2028,mmbtu,10131587.328333264
151,Reference case,-,Electric Power,-,Electricity Generation,Electricity,Wind,Wind,2028,mmbtu,2022072161.6118124
152,Reference case,-,Electric Power,-,Electricity Generation,Electricity,Wood and Other Biomass,Biomass,2028,mmbtu,125728448.19311556
153,Reference case,-,Electric Power,-,Electricity Generation,Electricity,Biogenic Municipal Waste,Biomass,2029,mmbtu,86860230.90492031
154,Reference case,-,Electric Power,-,Electricity Generation,Electricity,Coal,Coal,2029,mmbtu,2244937916.2082224
155,Reference case,-,Electric Power,-,Electricity Generation,Electricity,Conventional Hydroelectric Power,Hydroelectric,2029,mmbtu,940164990.8827902
156,Reference case,-,Electric Power,-,Electricity Generation,Electricity,Distributed Generation,Other,2029,mmbtu,7149047.4089111425
157,Reference case,-,Electric Power,-,Electricity Generation,Electricity,Geothermal,Geothermal,2029,mmbtu,75941080.9675639
158,Reference case,-,Electric Power,-,Electricity Generation,Electricity,Municipal Waste,Other,2029,mmbtu,10876061.505054245
159,Reference case,-,Electric Power,-,Electricity Generation,Electricity,Natural Gas,Natural Gas,2029,mmbtu,5033601367.591906
160,Reference case,-,Electric Power,-,Electricity Generation,Electricity,Nuclear,Nuclear,2029,mmbtu,2004061924.910485
161,Reference case,-,Electric Power,-,Electricity Generation,Electricity,Offshore Wind,Wind,2029,mmbtu,35783547.06999528
162,Reference case,-,Electric Power,-,Electricity Generation,Electricity,Other,Other,2029,mmbtu,10743380.331689605
163,Reference case,-,Electric Power,-,Electricity Generation,Electricity,Other Gaseous Fuels,Other,2029,mmbtu,40677628.94378247
164,Reference case,-,Electric Power,-,Electricity Generation,Electricity,Petroleum,Petroleum,2029,mmbtu,29211789.14946579
165,Reference case,-,Electric Power,-,Electricity Generation,Electricity,Pumped Storage and Other,Other,2029,mmbtu,-457198.9873299149
166,Reference case,-,Electric Power,-,Electricity Generation,Electricity,Solar Photovoltaic,Solar,2029,mmbtu,1479504165.035159
167,Reference case,-,Electric Power,-,Electricity Generation,Electricity,Solar Thermal,Solar,2029,mmbtu,9939379.154619368
168,Reference case,-,Electric Power,-,Electricity Generation,Electricity,Wind,Wind,2029,mmbtu,2028079767.2587705
169,Reference case,-,Electric Power,-,Electricity Generation,Electricity,Wood and Other Biomass,Biomass,2029,mmbtu,125131780.77796598
170,Reference case,-,Electric Power,-,Electricity Generation,Electricity,Biogenic Municipal Waste,Biomass,2030,mmbtu,90804794.50151986
171,Reference case,-,Electric Power,-,Electricity Generation,Electricity,Coal,Coal,2030,mmbtu,2214639796.6890855
172,Reference case,-,Electric Power,-,Electricity Generation,Electricity,Conventional Hydroelectric Power,Hydroelectric,2030,mmbtu,939808846.9374561
173,Reference case,-,Electric Power,-,Electricity Generation,Electricity,Distributed Generation,Other,2030,mmbtu,8100425.428160198
174,Reference case,-,Electric Power,-,Electricity Generation,Electricity,Geothermal,Geothermal,2030,mmbtu,80439314.9290706
175,Reference case,-,Electric Power,-,Electricity Generation,Electricity,Municipal Waste,Other,2030,mmbtu,10874870.062067142
176,Reference case,-,Electric Power,-,Electricity Generation,Electricity,Natural Gas,Natural Gas,2030,mmbtu,4964194873.040976
177,Reference case,-,Electric Power,-,Electricity Generation,Electricity,Nuclear,Nuclear,2030,mmbtu,2006226237.2418237
178,Reference case,-,Electric Power,-,Electricity Generation,Electricity,Offshore Wind,Wind,2030,mmbtu,112091958.48059353
179,Reference case,-,Electric Power,-,Electricity Generation,Electricity,Other,Other,2030,mmbtu,10742203.423564542
180,Reference case,-,Electric Power,-,Electricity Generation,Electricity,Other Gaseous Fuels,Other,2030,mmbtu,40030978.81719325
181,Reference case,-,Electric Power,-,Electricity Generation,Electricity,Petroleum,Petroleum,2030,mmbtu,28593168.4104401
182,Reference case,-,Electric Power,-,Electricity Generation,Electricity,Pumped Storage and Other,Other,2030,mmbtu,-33442.00067441596
183,Reference case,-,Electric Power,-,Electricity Generation,Electricity,Solar Photovoltaic,Solar,2030,mmbtu,1570943657.2077413
184,Reference case,-,Electric Power,-,Electricity Generation,Electricity,Solar Thermal,Solar,2030,mmbtu,9880656.507275049
185,Reference case,-,Electric Power,-,Electricity Generation,Electricity,Wind,Wind,2030,mmbtu,2031416572.2655356
186,Reference case,-,Electric Power,-,Electricity Generation,Electricity,Wood and Other Biomass,Biomass,2030,mmbtu,125975405.3788907
187,Reference case,-,Electric Power,-,Electricity Generation,Electricity,Biogenic Municipal Waste,Biomass,2031,mmbtu,94567936.98889421
188,Reference case,-,Electric Power,-,Electricity Generation,Electricity,Coal,Coal,2031,mmbtu,2175559089.1256533
189,Reference case,-,Electric Power,-,Electricity Generation,Electricity,Conventional Hydroelectric Power,Hydroelectric,2031,mmbtu,939043746.4263031
190,Reference case,-,Electric Power,-,Electricity Generation,Electricity,Distributed Generation,Other,2031,mmbtu,9096110.854003347
191,Reference case,-,Electric Power,-,Electricity Generation,Electricity,Geothermal,Geothermal,2031,mmbtu,84558793.1928866
192,Reference case,-,Electric Power,-,Electricity Generation,Electricity,Municipal Waste,Other,2031,mmbtu,10872809.327632343
193,Reference case,-,Electric Power,-,Electricity Generation,Electricity,Natural Gas,Natural Gas,2031,mmbtu,5001747182.747025
194,Reference case,-,Electric Power,-,Electricity Generation,Electricity,Nuclear,Nuclear,2031,mmbtu,2009545294.0807338
195,Reference case,-,Electric Power,-,Electricity Generation,Electricity,Offshore Wind,Wind,2031,mmbtu,132203054.35400212
196,Reference case,-,Electric Power,-,Electricity Generation,Electricity,Other,Other,2031,mmbtu,10740167.828805782
197,Reference case,-,Electric Power,-,Electricity Generation,Electricity,Other Gaseous Fuels,Other,2031,mmbtu,40041788.168700464
198,Reference case,-,Electric Power,-,Electricity Generation,Electricity,Petroleum,Petroleum,2031,mmbtu,27641739.82432336
199,Reference case,-,Electric Power,-,Electricity Generation,Electricity,Pumped Storage and Other,Other,2031,mmbtu,-617751.4135209804
200,Reference case,-,Electric Power,-,Electricity Generation,Electricity,Solar Photovoltaic,Solar,2031,mmbtu,1653441365.6182096
201,Reference case,-,Electric Power,-,Electricity Generation,Electricity,Solar Thermal,Solar,2031,mmbtu,8920425.63255024
202,Reference case,-,Electric Power,-,Electricity Generation,Electricity,Wind,Wind,2031,mmbtu,2035620700.6858168
203,Reference case,-,Electric Power,-,Electricity Generation,Electricity,Wood and Other Biomass,Biomass,2031,mmbtu,126495198.94876571
204,Reference case,-,Electric Power,-,Electricity Generation,Electricity,Biogenic Municipal Waste,Biomass,2032,mmbtu,97481445.7815747
205,Reference case,-,Electric Power,-,Electricity Generation,Electricity,Coal,Coal,2032,mmbtu,2136495973.9781466
206,Reference case,-,Electric Power,-,Electricity Generation,Electricity,Conventional Hydroelectric Power,Hydroelectric,2032,mmbtu,938415926.2628623
207,Reference case,-,Electric Power,-,Electricity Generation,Electricity,Distributed Generation,Other,2032,mmbtu,10164452.438069867
208,Reference case,-,Electric Power,-,Electricity Generation,Electricity,Geothermal,Geothermal,2032,mmbtu,87943420.59566243
209,Reference case,-,Electric Power,-,Electricity Generation,Electricity,Municipal Waste,Other,2032,mmbtu,10873311.029042248
210,Reference case,-,Electric Power,-,Electricity Generation,Electricity,Natural Gas,Natural Gas,2032,mmbtu,5018851614.9242
211,Reference case,-,Electric Power,-,Electricity Generation,Electricity,Nuclear,Nuclear,2032,mmbtu,2012332725.9702601
212,Reference case,-,Electric Power,-,Electricity Generation,Electricity,Offshore Wind,Wind,2032,mmbtu,132167802.04302402
213,Reference case,-,Electric Power,-,Electricity Generation,Electricity,Other,Other,2032,mmbtu,10740663.4097711
214,Reference case,-,Electric Power,-,Electricity Generation,Electricity,Other Gaseous Fuels,Other,2032,mmbtu,40023880.93002201
215,Reference case,-,Electric Power,-,Electricity Generation,Electricity,Petroleum,Petroleum,2032,mmbtu,27361186.043972716
216,Reference case,-,Electric Power,-,Electricity Generation,Electricity,Pumped Storage and Other,Other,2032,mmbtu,-679816.6617567462
217,Reference case,-,Electric Power,-,Electricity Generation,Electricity,Solar Photovoltaic,Solar,2032,mmbtu,1752937400.7012725
218,Reference case,-,Electric Power,-,Electricity Generation,Electricity,Solar Thermal,Solar,2032,mmbtu,9671955.42408467
219,Reference case,-,Electric Power,-,Electricity Generation,Electricity,Wind,Wind,2032,mmbtu,2042272491.599446
220,Reference case,-,Electric Power,-,Electricity Generation,Electricity,Wood and Other Biomass,Biomass,2032,mmbtu,126329276.24705635
221,Reference case,-,Electric Power,-,Electricity Generation,Electricity,Biogenic Municipal Waste,Biomass,2033,mmbtu,101637348.08024898
222,Reference case,-,Electric Power,-,Electricity Generation,Electricity,Coal,Coal,2033,mmbtu,2132089230.2086587
223,Reference case,-,Electric Power,-,Electricity Generation,Electricity,Conventional Hydroelectric Power,Hydroelectric,2033,mmbtu,938066904.3308879
224,Reference case,-,Electric Power,-,Electricity Generation,Electricity,Distributed Generation,Other,2033,mmbtu,11250932.863124171
225,Reference case,-,Electric Power,-,Electricity Generation,Electricity,Geothermal,Geothermal,2033,mmbtu,92260339.34827147
226,Reference case,-,Electric Power,-,Electricity Generation,Electricity,Municipal Waste,Other,2033,mmbtu,10870221.030681303
227,Reference case,-,Electric Power,-,Electricity Generation,Electricity,Natural Gas,Natural Gas,2033,mmbtu,5031605102.703705
228,Reference case,-,Electric Power,-,Electricity Generation,Electricity,Nuclear,Nuclear,2033,mmbtu,1987197279.3176312
229,Reference case,-,Electric Power,-,Electricity Generation,Electricity,Offshore Wind,Wind,2033,mmbtu,131937936.0009169
230,Reference case,-,Electric Power,-,Electricity Generation,Electricity,Other,Other,2033,mmbtu,10737611.107464748
231,Reference case,-,Electric Power,-,Electricity Generation,Electricity,Other Gaseous Fuels,Other,2033,mmbtu,40057955.30831692
232,Reference case,-,Electric Power,-,Electricity Generation,Electricity,Petroleum,Petroleum,2033,mmbtu,27174286.231162682
233,Reference case,-,Electric Power,-,Electricity Generation,Electricity,Pumped Storage and Other,Other,2033,mmbtu,-904947.0685148049
234,Reference case,-,Electric Power,-,Electricity Generation,Electricity,Solar Photovoltaic,Solar,2033,mmbtu,1856913139.6843452
235,Reference case,-,Electric Power,-,Electricity Generation,Electricity,Solar Thermal,Solar,2033,mmbtu,9786448.790264294
236,Reference case,-,Electric Power,-,Electricity Generation,Electricity,Wind,Wind,2033,mmbtu,2048432560.1886613
237,Reference case,-,Electric Power,-,Electricity Generation,Electricity,Wood and Other Biomass,Biomass,2033,mmbtu,127452212.37360172
238,Reference case,-,Electric Power,-,Electricity Generation,Electricity,Biogenic Municipal Waste,Biomass,2034,mmbtu,105746544.01629266
239,Reference case,-,Electric Power,-,Electricity Generation,Electricity,Coal,Coal,2034,mmbtu,2127206058.7166498
240,Reference case,-,Electric Power,-,Electricity Generation,Electricity,Conventional Hydroelectric Power,Hydroelectric,2034,mmbtu,937868340.3939778
241,Reference case,-,Electric Power,-,Electricity Generation,Electricity,Distributed Generation,Other,2034,mmbtu,12436535.77318566
242,Reference case,-,Electric Power,-,Electricity Generation,Electricity,Geothermal,Geothermal,2034,mmbtu,96345215.88517553
243,Reference case,-,Electric Power,-,Electricity Generation,Electricity,Municipal Waste,Other,2034,mmbtu,10870016.29973088
244,Reference case,-,Electric Power,-,Electricity Generation,Electricity,Natural Gas,Natural Gas,2034,mmbtu,5056129577.757736
245,Reference case,-,Electric Power,-,Electricity Generation,Electricity,Nuclear,Nuclear,2034,mmbtu,1933907331.186703
246,Reference case,-,Electric Power,-,Electricity Generation,Electricity,Offshore Wind,Wind,2034,mmbtu,183865407.2767341
247,Reference case,-,Electric Power,-,Electricity Generation,Electricity,Other,Other,2034,mmbtu,10737408.874104349
248,Reference case,-,Electric Power,-,Electricity Generation,Electricity,Other Gaseous Fuels,Other,2034,mmbtu,40145226.118361615
249,Reference case,-,Electric Power,-,Electricity Generation,Electricity,Petroleum,Petroleum,2034,mmbtu,27083232.42679604
250,Reference case,-,Electric Power,-,Electricity Generation,Electricity,Pumped Storage and Other,Other,2034,mmbtu,-1028930.9171730478
251,Reference case,-,Electric Power,-,Electricity Generation,Electricity,Solar Photovoltaic,Solar,2034,mmbtu,1936585639.7417862
252,Reference case,-,Electric Power,-,Electricity Generation,Electricity,Solar Thermal,Solar,2034,mmbtu,9802666.200628748
253,Reference case,-,Electric Power,-,Electricity Generation,Electricity,Wind,Wind,2034,mmbtu,2054312006.9323704
254,Reference case,-,Electric Power,-,Electricity Generation,Electricity,Wood and Other Biomass,Biomass,2034,mmbtu,127343307.27057143
255,Reference case,-,Electric Power,-,Electricity Generation,Electricity,Biogenic Municipal Waste,Biomass,2035,mmbtu,109823390.71089545
256,Reference case,-,Electric Power,-,Electricity Generation,Electricity,Coal,Coal,2035,mmbtu,2080120091.4307132
257,Reference case,-,Electric Power,-,Electricity Generation,Electricity,Conventional Hydroelectric Power,Hydroelectric,2035,mmbtu,937796275.1116414
258,Reference case,-,Electric Power,-,Electricity Generation,Electricity,Distributed Generation,Other,2035,mmbtu,13671399.990584118
259,Reference case,-,Electric Power,-,Electricity Generation,Electricity,Geothermal,Geothermal,2035,mmbtu,101460581.25866331
260,Reference case,-,Electric Power,-,Electricity Generation,Electricity,Municipal Waste,Other,2035,mmbtu,10868931.240598809
261,Reference case,-,Electric Power,-,Electricity Generation,Electricity,Natural Gas,Natural Gas,2035,mmbtu,5026605753.06075
262,Reference case,-,Electric Power,-,Electricity Generation,Electricity,Nuclear,Nuclear,2035,mmbtu,1938184238.5448835
263,Reference case,-,Electric Power,-,Electricity Generation,Electricity,Offshore Wind,Wind,2035,mmbtu,266273617.8698651
264,Reference case,-,Electric Power,-,Electricity Generation,Electricity,Other,Other,2035,mmbtu,10736337.052017577
265,Reference case,-,Electric Power,-,Electricity Generation,Electricity,Other Gaseous Fuels,Other,2035,mmbtu,40235706.20683549
266,Reference case,-,Electric Power,-,Electricity Generation,Electricity,Petroleum,Petroleum,2035,mmbtu,26760490.13181955
267,Reference case,-,Electric Power,-,Electricity Generation,Electricity,Pumped Storage and Other,Other,2035,mmbtu,-1786655.6297393655
268,Reference case,-,Electric Power,-,Electricity Generation,Electricity,Solar Photovoltaic,Solar,2035,mmbtu,2035933162.39299
269,Reference case,-,Electric Power,-,Electricity Generation,Electricity,Solar Thermal,Solar,2035,mmbtu,9320638.46380969
270,Reference case,-,Electric Power,-,Electricity Generation,Electricity,Wind,Wind,2035,mmbtu,2059924871.5684538
271,Reference case,-,Electric Power,-,Electricity Generation,Electricity,Wood and Other Biomass,Biomass,2035,mmbtu,127715048.21631028
272,Reference case,-,Electric Power,-,Electricity Generation,Electricity,Biogenic Municipal Waste,Biomass,2036,mmbtu,113676014.54658222
273,Reference case,-,Electric Power,-,Electricity Generation,Electricity,Coal,Coal,2036,mmbtu,2076480723.619786
274,Reference case,-,Electric Power,-,Electricity Generation,Electricity,Conventional Hydroelectric Power,Hydroelectric,2036,mmbtu,937814111.5473752
275,Reference case,-,Electric Power,-,Electricity Generation,Electricity,Distributed Generation,Other,2036,mmbtu,15237636.37562507
276,Reference case,-,Electric Power,-,Electricity Generation,Electricity,Geothermal,Geothermal,2036,mmbtu,106591575.63969432
277,Reference case,-,Electric Power,-,Electricity Generation,Electricity,Municipal Waste,Other,2036,mmbtu,10868711.510256058
278,Reference case,-,Electric Power,-,Electricity Generation,Electricity,Natural Gas,Natural Gas,2036,mmbtu,5056414449.444299
279,Reference case,-,Electric Power,-,Electricity Generation,Electricity,Nuclear,Nuclear,2036,mmbtu,1917506406.8919868
280,Reference case,-,Electric Power,-,Electricity Generation,Electricity,Offshore Wind,Wind,2036,mmbtu,294641863.09815055
281,Reference case,-,Electric Power,-,Electricity Generation,Electricity,Other,Other,2036,mmbtu,10736120.002248092
282,Reference case,-,Electric Power,-,Electricity Generation,Electricity,Other Gaseous Fuels,Other,2036,mmbtu,40368181.00635318
283,Reference case,-,Electric Power,-,Electricity Generation,Electricity,Petroleum,Petroleum,2036,mmbtu,26444482.000081494
284,Reference case,-,Electric Power,-,Electricity Generation,Electricity,Pumped Storage and Other,Other,2036,mmbtu,-2065580.870061642
285,Reference case,-,Electric Power,-,Electricity Generation,Electricity,Solar Photovoltaic,Solar,2036,mmbtu,2121151435.1162477
286,Reference case,-,Electric Power,-,Electricity Generation,Electricity,Solar Thermal,Solar,2036,mmbtu,8832052.119135356
287,Reference case,-,Electric Power,-,Electricity Generation,Electricity,Wind,Wind,2036,mmbtu,2064712738.9497907
288,Reference case,-,Electric Power,-,Electricity Generation,Electricity,Wood and Other Biomass,Biomass,2036,mmbtu,127736717.56677884
289,Reference case,-,Electric Power,-,Electricity Generation,Electricity,Biogenic Municipal Waste,Biomass,2037,mmbtu,117916630.73505248
290,Reference case,-,Electric Power,-,Electricity Generation,Electricity,Coal,Coal,2037,mmbtu,2047294475.9970052
291,Reference case,-,Electric Power,-,Electricity Generation,Electricity,Conventional Hydroelectric Power,Hydroelectric,2037,mmbtu,937658126.7473686
292,Reference case,-,Electric Power,-,Electricity Generation,Electricity,Distributed Generation,Other,2037,mmbtu,16952603.702060748
293,Reference case,-,Electric Power,-,Electricity Generation,Electricity,Geothermal,Geothermal,2037,mmbtu,111921393.97678679
294,Reference case,-,Electric Power,-,Electricity Generation,Electricity,Municipal Waste,Other,2037,mmbtu,10867920.790242966
295,Reference case,-,Electric Power,-,Electricity Generation,Electricity,Natural Gas,Natural Gas,2037,mmbtu,5125032362.372739
296,Reference case,-,Electric Power,-,Electricity Generation,Electricity,Nuclear,Nuclear,2037,mmbtu,1918038498.261744
297,Reference case,-,Electric Power,-,Electricity Generation,Electricity,Offshore Wind,Wind,2037,mmbtu,298576490.2844019
298,Reference case,-,Electric Power,-,Electricity Generation,Electricity,Other,Other,2037,mmbtu,10735338.928526452
299,Reference case,-,Electric Power,-,Electricity Generation,Electricity,Other Gaseous Fuels,Other,2037,mmbtu,40621443.5275177
300,Reference case,-,Electric Power,-,Electricity Generation,Electricity,Petroleum,Petroleum,2037,mmbtu,25880830.033049077
301,Reference case,-,Electric Power,-,Electricity Generation,Electricity,Pumped Storage and Other,Other,2037,mmbtu,-2122900.337175306
302,Reference case,-,Electric Power,-,Electricity Generation,Electricity,Solar Photovoltaic,Solar,2037,mmbtu,2201417489.6471705
303,Reference case,-,Electric Power,-,Electricity Generation,Electricity,Solar Thermal,Solar,2037,mmbtu,9859009.659711601
304,Reference case,-,Electric Power,-,Electricity Generation,Electricity,Wind,Wind,2037,mmbtu,2066871146.3447044
305,Reference case,-,Electric Power,-,Electricity Generation,Electricity,Wood and Other Biomass,Biomass,2037,mmbtu,127537630.53599854
306,Reference case,-,Electric Power,-,Electricity Generation,Electricity,Biogenic Municipal Waste,Biomass,2038,mmbtu,120708192.75950617
307,Reference case,-,Electric Power,-,Electricity Generation,Electricity,Coal,Coal,2038,mmbtu,1993684675.0877938
308,Reference case,-,Electric Power,-,Electricity Generation,Electricity,Conventional Hydroelectric Power,Hydroelectric,2038,mmbtu,937144904.4903557
309,Reference case,-,Electric Power,-,Electricity Generation,Electricity,Distributed Generation,Other,2038,mmbtu,18681373.97653952
310,Reference case,-,Electric Power,-,Electricity Generation,Electricity,Geothermal,Geothermal,2038,mmbtu,116710377.40526606
311,Reference case,-,Electric Power,-,Electricity Generation,Electricity,Municipal Waste,Other,2038,mmbtu,10867290.812147327
312,Reference case,-,Electric Power,-,Electricity Generation,Electricity,Natural Gas,Natural Gas,2038,mmbtu,5225195667.602402
313,Reference case,-,Electric Power,-,Electricity Generation,Electricity,Nuclear,Nuclear,2038,mmbtu,1918597321.4694042
314,Reference case,-,Electric Power,-,Electricity Generation,Electricity,Offshore Wind,Wind,2038,mmbtu,299110950.6562284
315,Reference case,-,Electric Power,-,Electricity Generation,Electricity,Other,Other,2038,mmbtu,10734716.635771032
316,Reference case,-,Electric Power,-,Electricity Generation,Electricity,Other Gaseous Fuels,Other,2038,mmbtu,40644825.6177364
317,Reference case,-,Electric Power,-,Electricity Generation,Electricity,Petroleum,Petroleum,2038,mmbtu,24928926.47167108
318,Reference case,-,Electric Power,-,Electricity Generation,Electricity,Pumped Storage and Other,Other,2038,mmbtu,-2210984.0531523027
319,Reference case,-,Electric Power,-,Electricity Generation,Electricity,Solar Photovoltaic,Solar,2038,mmbtu,2287422417.723407
320,Reference case,-,Electric Power,-,Electricity Generation,Electricity,Solar Thermal,Solar,2038,mmbtu,9540276.682374729
321,Reference case,-,Electric Power,-,Electricity Generation,Electricity,Wind,Wind,2038,mmbtu,2071941944.1261744
322,Reference case,-,Electric Power,-,Electricity Generation,Electricity,Wood and Other Biomass,Biomass,2038,mmbtu,127660082.54477395
323,Reference case,-,Electric Power,-,Electricity Generation,Electricity,Biogenic Municipal Waste,Biomass,2039,mmbtu,123694599.9531697
324,Reference case,-,Electric Power,-,Electricity Generation,Electricity,Coal,Coal,2039,mmbtu,1977256098.8303847
325,Reference case,-,Electric Power,-,Electricity Generation,Electricity,Conventional Hydroelectric Power,Hydroelectric,2039,mmbtu,936839455.1971526
326,Reference case,-,Electric Power,-,Electricity Generation,Electricity,Distributed Generation,Other,2039,mmbtu,20518670.995314702
327,Reference case,-,Electric Power,-,Electricity Generation,Electricity,Geothermal,Geothermal,2039,mmbtu,121368193.79153728
328,Reference case,-,Electric Power,-,Electricity Generation,Electricity,Municipal Waste,Other,2039,mmbtu,10865906.425429905
329,Reference case,-,Electric Power,-,Electricity Generation,Electricity,Natural Gas,Natural Gas,2039,mmbtu,5311974685.443395
330,Reference case,-,Electric Power,-,Electricity Generation,Electricity,Nuclear,Nuclear,2039,mmbtu,1918352910.9080384
331,Reference case,-,Electric Power,-,Electricity Generation,Electricity,Offshore Wind,Wind,2039,mmbtu,299198636.0051422
332,Reference case,-,Electric Power,-,Electricity Generation,Electricity,Other,Other,2039,mmbtu,10733349.137708938
333,Reference case,-,Electric Power,-,Electricity Generation,Electricity,Other Gaseous Fuels,Other,2039,mmbtu,40639647.86389785
334,Reference case,-,Electric Power,-,Electricity Generation,Electricity,Petroleum,Petroleum,2039,mmbtu,24579367.80787817
335,Reference case,-,Electric Power,-,Electricity Generation,Electricity,Pumped Storage and Other,Other,2039,mmbtu,-2290819.4374059825
336,Reference case,-,Electric Power,-,Electricity Generation,Electricity,Solar Photovoltaic,Solar,2039,mmbtu,2351706786.3711987
337,Reference case,-,Electric Power,-,Electricity Generation,Electricity,Solar Thermal,Solar,2039,mmbtu,9441483.30342998
338,Reference case,-,Electric Power,-,Electricity Generation,Electricity,Wind,Wind,2039,mmbtu,2074427991.776175
339,Reference case,-,Electric Power,-,Electricity Generation,Electricity,Wood and Other Biomass,Biomass,2039,mmbtu,127539247.9150782
340,Reference case,-,Electric Power,-,Electricity Generation,Electricity,Biogenic Municipal Waste,Biomass,2040,mmbtu,126780227.60437483
341,Reference case,-,Electric Power,-,Electricity Generation,Electricity,Coal,Coal,2040,mmbtu,1971671968.6012447
342,Reference case,-,Electric Power,-,Electricity Generation,Electricity,Conventional Hydroelectric Power,Hydroelectric,2040,mmbtu,936312683.5112191
343,Reference case,-,Electric Power,-,Electricity Generation,Electricity,Distributed Generation,Other,2040,mmbtu,22378196.09478681
344,Reference case,-,Electric Power,-,Electricity Generation,Electricity,Geothermal,Geothermal,2040,mmbtu,125669657.93366177
345,Reference case,-,Electric Power,-,Electricity Generation,Electricity,Municipal Waste,Other,2040,mmbtu,10865961.38732335
346,Reference case,-,Electric Power,-,Electricity Generation,Electricity,Natural Gas,Natural Gas,2040,mmbtu,5405064743.989218
347,Reference case,-,Electric Power,-,Electricity Generation,Electricity,Nuclear,Nuclear,2040,mmbtu,1891807627.574987
348,Reference case,-,Electric Power,-,Electricity Generation,Electricity,Offshore Wind,Wind,2040,mmbtu,299173677.8937166
349,Reference case,-,Electric Power,-,Electricity Generation,Electricity,Other,Other,2040,mmbtu,10733403.42910153
350,Reference case,-,Electric Power,-,Electricity Generation,Electricity,Other Gaseous Fuels,Other,2040,mmbtu,40639853.42723589
351,Reference case,-,Electric Power,-,Electricity Generation,Electricity,Petroleum,Petroleum,2040,mmbtu,24273722.736734185
352,Reference case,-,Electric Power,-,Electricity Generation,Electricity,Pumped Storage and Other,Other,2040,mmbtu,-2514472.8836038257
353,Reference case,-,Electric Power,-,Electricity Generation,Electricity,Solar Photovoltaic,Solar,2040,mmbtu,2414466704.640611
354,Reference case,-,Electric Power,-,Electricity Generation,Electricity,Solar Thermal,Solar,2040,mmbtu,8734611.472418657
355,Reference case,-,Electric Power,-,Electricity Generation,Electricity,Wind,Wind,2040,mmbtu,2078726091.1693566
356,Reference case,-,Electric Power,-,Electricity Generation,Electricity,Wood and Other Biomass,Biomass,2040,mmbtu,127775891.23557931
357,Reference case,-,Electric Power,-,Electricity Generation,Electricity,Biogenic Municipal Waste,Biomass,2041,mmbtu,130092667.73237279
358,Reference case,-,Electric Power,-,Electricity Generation,Electricity,Coal,Coal,2041,mmbtu,1960145635.6235063
359,Reference case,-,Electric Power,-,Electricity Generation,Electricity,Conventional Hydroelectric Power,Hydroelectric,2041,mmbtu,936046352.5913966
360,Reference case,-,Electric Power,-,Electricity Generation,Electricity,Distributed Generation,Other,2041,mmbtu,24275228.36599902
361,Reference case,-,Electric Power,-,Electricity Generation,Electricity,Geothermal,Geothermal,2041,mmbtu,129437097.08276488
362,Reference case,-,Electric Power,-,Electricity Generation,Electricity,Municipal Waste,Other,2041,mmbtu,10865603.194162454
363,Reference case,-,Electric Power,-,Electricity Generation,Electricity,Natural Gas,Natural Gas,2041,mmbtu,5455975038.543995
364,Reference case,-,Electric Power,-,Electricity Generation,Electricity,Nuclear,Nuclear,2041,mmbtu,1895727393.5690627
365,Reference case,-,Electric Power,-,Electricity Generation,Electricity,Offshore Wind,Wind,2041,mmbtu,299062729.22045135
366,Reference case,-,Electric Power,-,Electricity Generation,Electricity,Other,Other,2041,mmbtu,10733049.605674002
367,Reference case,-,Electric Power,-,Electricity Generation,Electricity,Other Gaseous Fuels,Other,2041,mmbtu,40638513.74664633
368,Reference case,-,Electric Power,-,Electricity Generation,Electricity,Petroleum,Petroleum,2041,mmbtu,23315539.494824734
369,Reference case,-,Electric Power,-,Electricity Generation,Electricity,Pumped Storage and Other,Other,2041,mmbtu,-2583729.534473341
370,Reference case,-,Electric Power,-,Electricity Generation,Electricity,Solar Photovoltaic,Solar,2041,mmbtu,2510198266.6047378
371,Reference case,-,Electric Power,-,Electricity Generation,Electricity,Solar Thermal,Solar,2041,mmbtu,8802244.610495657
372,Reference case,-,Electric Power,-,Electricity Generation,Electricity,Wind,Wind,2041,mmbtu,2084493031.7515562
373,Reference case,-,Electric Power,-,Electricity Generation,Electricity,Wood and Other Biomass,Biomass,2041,mmbtu,127880109.23644604
374,Reference case,-,Electric Power,-,Electricity Generation,Electricity,Biogenic Municipal Waste,Biomass,2042,mmbtu,133148398.54853582
375,Reference case,-,Electric Power,-,Electricity Generation,Electricity,Coal,Coal,2042,mmbtu,1961491132.0294585
376,Reference case,-,Electric Power,-,Electricity Generation,Electricity,Conventional Hydroelectric Power,Hydroelectric,2042,mmbtu,935729033.1586149
377,Reference case,-,Electric Power,-,Electricity Generation,Electricity,Distributed Generation,Other,2042,mmbtu,26265088.78544498
378,Reference case,-,Electric Power,-,Electricity Generation,Electricity,Geothermal,Geothermal,2042,mmbtu,132883440.50123194
379,Reference case,-,Electric Power,-,Electricity Generation,Electricity,Municipal Waste,Other,2042,mmbtu,10866139.279048346
380,Reference case,-,Electric Power,-,Electricity Generation,Electricity,Natural Gas,Natural Gas,2042,mmbtu,5539455920.368805
381,Reference case,-,Electric Power,-,Electricity Generation,Electricity,Nuclear,Nuclear,2042,mmbtu,1898701186.0072303
382,Reference case,-,Electric Power,-,Electricity Generation,Electricity,Offshore Wind,Wind,2042,mmbtu,298988571.25862056
383,Reference case,-,Electric Power,-,Electricity Generation,Electricity,Other,Other,2042,mmbtu,10733579.150658326
384,Reference case,-,Electric Power,-,Electricity Generation,Electricity,Other Gaseous Fuels,Other,2042,mmbtu,40640518.76124289
385,Reference case,-,Electric Power,-,Electricity Generation,Electricity,Petroleum,Petroleum,2042,mmbtu,22344240.841867752
386,Reference case,-,Electric Power,-,Electricity Generation,Electricity,Pumped Storage and Other,Other,2042,mmbtu,-2722981.8512954274
387,Reference case,-,Electric Power,-,Electricity Generation,Electricity,Solar Photovoltaic,Solar,2042,mmbtu,2585669869.454246
388,Reference case,-,Electric Power,-,Electricity Generation,Electricity,Solar Thermal,Solar,2042,mmbtu,9581761.466141552
389,Reference case,-,Electric Power,-,Electricity Generation,Electricity,Wind,Wind,2042,mmbtu,2082540542.0296361
390,Reference case,-,Electric Power,-,Electricity Generation,Electricity,Wood and Other Biomass,Biomass,2042,mmbtu,128229609.2823476
391,Reference case,-,Electric Power,-,Electricity Generation,Electricity,Biogenic Municipal Waste,Biomass,2043,mmbtu,136799726.0563016
392,Reference case,-,Electric Power,-,Electricity Generation,Electricity,Coal,Coal,2043,mmbtu,1940147356.5768237
393,Reference case,-,Electric Power,-,Electricity Generation,Electricity,Conventional Hydroelectric Power,Hydroelectric,2043,mmbtu,935525186.2535716
394,Reference case,-,Electric Power,-,Electricity Generation,Electricity,Distributed Generation,Other,2043,mmbtu,28433680.41920521
395,Reference case,-,Electric Power,-,Electricity Generation,Electricity,Geothermal,Geothermal,2043,mmbtu,135626557.41181657
396,Reference case,-,Electric Power,-,Electricity Generation,Electricity,Municipal Waste,Other,2043,mmbtu,10864781.918387683
397,Reference case,-,Electric Power,-,Electricity Generation,Electricity,Natural Gas,Natural Gas,2043,mmbtu,5650408015.183347
398,Reference case,-,Electric Power,-,Electricity Generation,Electricity,Nuclear,Nuclear,2043,mmbtu,1901242005.910824
399,Reference case,-,Electric Power,-,Electricity Generation,Electricity,Offshore Wind,Wind,2043,mmbtu,298927978.69655675
400,Reference case,-,Electric Power,-,Electricity Generation,Electricity,Other,Other,2043,mmbtu,10732238.348951938
401,Reference case,-,Electric Power,-,Electricity Generation,Electricity,Other Gaseous Fuels,Other,2043,mmbtu,40635442.08773643
402,Reference case,-,Electric Power,-,Electricity Generation,Electricity,Petroleum,Petroleum,2043,mmbtu,21246627.9625162
403,Reference case,-,Electric Power,-,Electricity Generation,Electricity,Pumped Storage and Other,Other,2043,mmbtu,-3064832.3246975015
404,Reference case,-,Electric Power,-,Electricity Generation,Electricity,Solar Photovoltaic,Solar,2043,mmbtu,2659397150.9400387
405,Reference case,-,Electric Power,-,Electricity Generation,Electricity,Solar Thermal,Solar,2043,mmbtu,10318083.421949267
406,Reference case,-,Electric Power,-,Electricity Generation,Electricity,Wind,Wind,2043,mmbtu,2090954127.9148548
407,Reference case,-,Electric Power,-,Electricity Generation,Electricity,Wood and Other Biomass,Biomass,2043,mmbtu,128340060.70597321
408,Reference case,-,Electric Power,-,Electricity Generation,Electricity,Biogenic Municipal Waste,Biomass,2044,mmbtu,139536844.21625787
409,Reference case,-,Electric Power,-,Electricity Generation,Electricity,Coal,Coal,2044,mmbtu,1924773291.2623103
410,Reference case,-,Electric Power,-,Electricity Generation,Electricity,Conventional Hydroelectric Power,Hydroelectric,2044,mmbtu,933768633.6932563
411,Reference case,-,Electric Power,-,Electricity Generation,Electricity,Distributed Generation,Other,2044,mmbtu,30618324.149600036
412,Reference case,-,Electric Power,-,Electricity Generation,Electricity,Geothermal,Geothermal,2044,mmbtu,139345730.96685246
413,Reference case,-,Electric Power,-,Electricity Generation,Electricity,Municipal Waste,Other,2044,mmbtu,10863171.664475795
414,Reference case,-,Electric Power,-,Electricity Generation,Electricity,Natural Gas,Natural Gas,2044,mmbtu,5735128897.4852915
415,Reference case,-,Electric Power,-,Electricity Generation,Electricity,Nuclear,Nuclear,2044,mmbtu,1903361891.7828047
416,Reference case,-,Electric Power,-,Electricity Generation,Electricity,Offshore Wind,Wind,2044,mmbtu,298763351.6243358
417,Reference case,-,Electric Power,-,Electricity Generation,Electricity,Other,Other,2044,mmbtu,10730647.739134407
418,Reference case,-,Electric Power,-,Electricity Generation,Electricity,Other Gaseous Fuels,Other,2044,mmbtu,40629419.56652297
419,Reference case,-,Electric Power,-,Electricity Generation,Electricity,Petroleum,Petroleum,2044,mmbtu,20230382.30204799
420,Reference case,-,Electric Power,-,Electricity Generation,Electricity,Pumped Storage and Other,Other,2044,mmbtu,-3526691.9278838374
421,Reference case,-,Electric Power,-,Electricity Generation,Electricity,Solar Photovoltaic,Solar,2044,mmbtu,2742903260.930056
422,Reference case,-,Electric Power,-,Electricity Generation,Electricity,Solar Thermal,Solar,2044,mmbtu,8801816.982964762
423,Reference case,-,Electric Power,-,Electricity Generation,Electricity,Wind,Wind,2044,mmbtu,2107051476.6440334
424,Reference case,-,Electric Power,-,Electricity Generation,Electricity,Wood and Other Biomass,Biomass,2044,mmbtu,128799162.96009159
425,Reference case,-,Electric Power,-,Electricity Generation,Electricity,Biogenic Municipal Waste,Biomass,2045,mmbtu,142019645.75172633
426,Reference case,-,Electric Power,-,Electricity Generation,Electricity,Coal,Coal,2045,mmbtu,1885458808.064005
427,Reference case,-,Electric Power,-,Electricity Generation,Electricity,Conventional Hydroelectric Power,Hydroelectric,2045,mmbtu,934233992.2589514
428,Reference case,-,Electric Power,-,Electricity Generation,Electricity,Distributed Generation,Other,2045,mmbtu,32856744.680022284
429,Reference case,-,Electric Power,-,Electricity Generation,Electricity,Geothermal,Geothermal,2045,mmbtu,142896707.98102772
430,Reference case,-,Electric Power,-,Electricity Generation,Electricity,Municipal Waste,Other,2045,mmbtu,10862933.212129276
431,Reference case,-,Electric Power,-,Electricity Generation,Electricity,Natural Gas,Natural Gas,2045,mmbtu,5817198117.915143
432,Reference case,-,Electric Power,-,Electricity Generation,Electricity,Nuclear,Nuclear,2045,mmbtu,1905922977.6241808
433,Reference case,-,Electric Power,-,Electricity Generation,Electricity,Offshore Wind,Wind,2045,mmbtu,298692167.43775374
434,Reference case,-,Electric Power,-,Electricity Generation,Electricity,Other,Other,2045,mmbtu,10730412.195757933
435,Reference case,-,Electric Power,-,Electricity Generation,Electricity,Other Gaseous Fuels,Other,2045,mmbtu,40628527.72933835
436,Reference case,-,Electric Power,-,Electricity Generation,Electricity,Petroleum,Petroleum,2045,mmbtu,19085372.93144734
437,Reference case,-,Electric Power,-,Electricity Generation,Electricity,Pumped Storage and Other,Other,2045,mmbtu,-4085881.312236811
438,Reference case,-,Electric Power,-,Electricity Generation,Electricity,Solar Photovoltaic,Solar,2045,mmbtu,2850871518.8572707
439,Reference case,-,Electric Power,-,Electricity Generation,Electricity,Solar Thermal,Solar,2045,mmbtu,8327030.782049454
440,Reference case,-,Electric Power,-,Electricity Generation,Electricity,Wind,Wind,2045,mmbtu,2124309717.5591996
441,Reference case,-,Electric Power,-,Electricity Generation,Electricity,Wood and Other Biomass,Biomass,2045,mmbtu,129008614.84491077
442,Reference case,-,Electric Power,-,Electricity Generation,Electricity,Biogenic Municipal Waste,Biomass,2046,mmbtu,145163418.53181997
443,Reference case,-,Electric Power,-,Electricity Generation,Electricity,Coal,Coal,2046,mmbtu,1878038040.990812
444,Reference case,-,Electric Power,-,Electricity Generation,Electricity,Conventional Hydroelectric Power,Hydroelectric,2046,mmbtu,934147967.0201459
445,Reference case,-,Electric Power,-,Electricity Generation,Electricity,Distributed Generation,Other,2046,mmbtu,35227328.67590864
446,Reference case,-,Electric Power,-,Electricity Generation,Electricity,Geothermal,Geothermal,2046,mmbtu,146928299.8223677
447,Reference case,-,Electric Power,-,Electricity Generation,Electricity,Municipal Waste,Other,2046,mmbtu,10862699.052824775
448,Reference case,-,Electric Power,-,Electricity Generation,Electricity,Natural Gas,Natural Gas,2046,mmbtu,5855965900.403847
449,Reference case,-,Electric Power,-,Electricity Generation,Electricity,Nuclear,Nuclear,2046,mmbtu,1907236470.6456368
450,Reference case,-,Electric Power,-,Electricity Generation,Electricity,Offshore Wind,Wind,2046,mmbtu,298720030.0985439
451,Reference case,-,Electric Power,-,Electricity Generation,Electricity,Other,Other,2046,mmbtu,10730180.89305104
452,Reference case,-,Electric Power,-,Electricity Generation,Electricity,Other Gaseous Fuels,Other,2046,mmbtu,40627651.94858832
453,Reference case,-,Electric Power,-,Electricity Generation,Electricity,Petroleum,Petroleum,2046,mmbtu,19108404.507728104
454,Reference case,-,Electric Power,-,Electricity Generation,Electricity,Pumped Storage and Other,Other,2046,mmbtu,-5449705.189744932
455,Reference case,-,Electric Power,-,Electricity Generation,Electricity,Solar Photovoltaic,Solar,2046,mmbtu,2980137523.1221232
456,Reference case,-,Electric Power,-,Electricity Generation,Electricity,Solar Thermal,Solar,2046,mmbtu,9890923.591194976
457,Reference case,-,Electric Power,-,Electricity Generation,Electricity,Wind,Wind,2046,mmbtu,2137234321.6749392
458,Reference case,-,Electric Power,-,Electricity Generation,Electricity,Wood and Other Biomass,Biomass,2046,mmbtu,129084976.66150013
459,Reference case,-,Electric Power,-,Electricity Generation,Electricity,Biogenic Municipal Waste,Biomass,2047,mmbtu,148940064.17658412
460,Reference case,-,Electric Power,-,Electricity Generation,Electricity,Coal,Coal,2047,mmbtu,1874997905.2398517
461,Reference case,-,Electric Power,-,Electricity Generation,Electricity,Conventional Hydroelectric Power,Hydroelectric,2047,mmbtu,933828511.5776206
462,Reference case,-,Electric Power,-,Electricity Generation,Electricity,Distributed Generation,Other,2047,mmbtu,37683957.0188099
463,Reference case,-,Electric Power,-,Electricity Generation,Electricity,Geothermal,Geothermal,2047,mmbtu,150191489.28926668
464,Reference case,-,Electric Power,-,Electricity Generation,Electricity,Municipal Waste,Other,2047,mmbtu,10860657.274401814
465,Reference case,-,Electric Power,-,Electricity Generation,Electricity,Natural Gas,Natural Gas,2047,mmbtu,5906969828.229268
466,Reference case,-,Electric Power,-,Electricity Generation,Electricity,Nuclear,Nuclear,2047,mmbtu,1883644547.4496706
467,Reference case,-,Electric Power,-,Electricity Generation,Electricity,Offshore Wind,Wind,2047,mmbtu,298577076.93385947
468,Reference case,-,Electric Power,-,Electricity Generation,Electricity,Other,Other,2047,mmbtu,10728164.023052584
469,Reference case,-,Electric Power,-,Electricity Generation,Electricity,Other Gaseous Fuels,Other,2047,mmbtu,40620015.47972172
470,Reference case,-,Electric Power,-,Electricity Generation,Electricity,Petroleum,Petroleum,2047,mmbtu,19205357.416309714
471,Reference case,-,Electric Power,-,Electricity Generation,Electricity,Pumped Storage and Other,Other,2047,mmbtu,-5769073.679603887
472,Reference case,-,Electric Power,-,Electricity Generation,Electricity,Solar Photovoltaic,Solar,2047,mmbtu,3114469334.2405324
473,Reference case,-,Electric Power,-,Electricity Generation,Electricity,Solar Thermal,Solar,2047,mmbtu,9867110.48000346
474,Reference case,-,Electric Power,-,Electricity Generation,Electricity,Wind,Wind,2047,mmbtu,2154948646.142641
475,Reference case,-,Electric Power,-,Electricity Generation,Electricity,Wood and Other Biomass,Biomass,2047,mmbtu,129905544.78819099
476,Reference case,-,Electric Power,-,Electricity Generation,Electricity,Biogenic Municipal Waste,Biomass,2048,mmbtu,152383079.35478446
477,Reference case,-,Electric Power,-,Electricity Generation,Electricity,Coal,Coal,2048,mmbtu,1883523143.8528879
478,Reference case,-,Electric Power,-,Electricity Generation,Electricity,Conventional Hydroelectric Power,Hydroelectric,2048,mmbtu,934070962.1397758
479,Reference case,-,Electric Power,-,Electricity Generation,Electricity,Distributed Generation,Other,2048,mmbtu,40285929.87835974
480,Reference case,-,Electric Power,-,Electricity Generation,Electricity,Geothermal,Geothermal,2048,mmbtu,153434158.605403
481,Reference case,-,Electric Power,-,Electricity Generation,Electricity,Municipal Waste,Other,2048,mmbtu,10858647.688905228
482,Reference case,-,Electric Power,-,Electricity Generation,Electricity,Natural Gas,Natural Gas,2048,mmbtu,5981864865.388946
483,Reference case,-,Electric Power,-,Electricity Generation,Electricity,Nuclear,Nuclear,2048,mmbtu,1884139489.9415054
484,Reference case,-,Electric Power,-,Electricity Generation,Electricity,Offshore Wind,Wind,2048,mmbtu,298481747.55546516
485,Reference case,-,Electric Power,-,Electricity Generation,Electricity,Other,Other,2048,mmbtu,10726178.953246862
486,Reference case,-,Electric Power,-,Electricity Generation,Electricity,Other Gaseous Fuels,Other,2048,mmbtu,40612499.41583012
487,Reference case,-,Electric Power,-,Electricity Generation,Electricity,Petroleum,Petroleum,2048,mmbtu,19319632.875412915
488,Reference case,-,Electric Power,-,Electricity Generation,Electricity,Pumped Storage and Other,Other,2048,mmbtu,-5983920.266666461
489,Reference case,-,Electric Power,-,Electricity Generation,Electricity,Solar Photovoltaic,Solar,2048,mmbtu,3207585140.4477105
490,Reference case,-,Electric Power,-,Electricity Generation,Electricity,Solar Thermal,Solar,2048,mmbtu,8860981.777367847
491,Reference case,-,Electric Power,-,Electricity Generation,Electricity,Wind,Wind,2048,mmbtu,2163116142.6705427
492,Reference case,-,Electric Power,-,Electricity Generation,Electricity,Wood and Other Biomass,Biomass,2048,mmbtu,130282461.19453229
493,Reference case,-,Electric Power,-,Electricity Generation,Electricity,Biogenic Municipal Waste,Biomass,2049,mmbtu,155113813.1796244
494,Reference case,-,Electric Power,-,Electricity Generation,Electricity,Coal,Coal,2049,mmbtu,1890713079.1579926
495,Reference case,-,Electric Power,-,Electricity Generation,Electricity,Conventional Hydroelectric Power,Hydroelectric,2049,mmbtu,933410437.774744
496,Reference case,-,Electric Power,-,Electricity Generation,Electricity,Distributed Generation,Other,2049,mmbtu,43034201.21869902
497,Reference case,-,Electric Power,-,Electricity Generation,Electricity,Geothermal,Geothermal,2049,mmbtu,155674814.38262692
498,Reference case,-,Electric Power,-,Electricity Generation,Electricity,Municipal Waste,Other,2049,mmbtu,10858592.648083521
499,Reference case,-,Electric Power,-,Electricity Generation,Electricity,Natural Gas,Natural Gas,2049,mmbtu,6065274975.809339
500,Reference case,-,Electric Power,-,Electricity Generation,Electricity,Nuclear,Nuclear,2049,mmbtu,1885148787.9663823
501,Reference case,-,Electric Power,-,Electricity Generation,Electricity,Offshore Wind,Wind,2049,mmbtu,298350064.4938209
502,Reference case,-,Electric Power,-,Electricity Generation,Electricity,Other,Other,2049,mmbtu,10726124.58388888
503,Reference case,-,Electric Power,-,Electricity Generation,Electricity,Other Gaseous Fuels,Other,2049,mmbtu,40612293.55729198
504,Reference case,-,Electric Power,-,Electricity Generation,Electricity,Petroleum,Petroleum,2049,mmbtu,19426420.319071498
505,Reference case,-,Electric Power,-,Electricity Generation,Electricity,Pumped Storage and Other,Other,2049,mmbtu,-6568741.619252146
506,Reference case,-,Electric Power,-,Electricity Generation,Electricity,Solar Photovoltaic,Solar,2049,mmbtu,3300903404.407748
507,Reference case,-,Electric Power,-,Electricity Generation,Electricity,Solar Thermal,Solar,2049,mmbtu,9022054.744988274
508,Reference case,-,Electric Power,-,Electricity Generation,Electricity,Wind,Wind,2049,mmbtu,2183614506.952259
509,Reference case,-,Electric Power,-,Electricity Generation,Electricity,Wood and Other Biomass,Biomass,2049,mmbtu,130862625.50330143
510,Reference case,-,Electric Power,-,Electricity Generation,Electricity,Biogenic Municipal Waste,Biomass,2050,mmbtu,156009922.96670768
511,Reference case,-,Electric Power,-,Electricity Generation,Electricity,Coal,Coal,2050,mmbtu,1885847032.855364
512,Reference case,-,Electric Power,-,Electricity Generation,Electricity,Conventional Hydroelectric Power,Hydroelectric,2050,mmbtu,933086446.2740903
513,Reference case,-,Electric Power,-,Electricity Generation,Electricity,Distributed Generation,Other,2050,mmbtu,45936376.20652825
514,Reference case,-,Electric Power,-,Electricity Generation,Electricity,Geothermal,Geothermal,2050,mmbtu,158229308.1246409
515,Reference case,-,Electric Power,-,Electricity Generation,Electricity,Municipal Waste,Other,2050,mmbtu,10859930.12108946
516,Reference case,-,Electric Power,-,Electricity Generation,Electricity,Natural Gas,Natural Gas,2050,mmbtu,6162047281.004104
517,Reference case,-,Electric Power,-,Electricity Generation,Electricity,Nuclear,Nuclear,2050,mmbtu,1886854150.0114365
518,Reference case,-,Electric Power,-,Electricity Generation,Electricity,Offshore Wind,Wind,2050,mmbtu,298110826.47989917
519,Reference case,-,Electric Power,-,Electricity Generation,Electricity,Other,Other,2050,mmbtu,10727445.740557544
520,Reference case,-,Electric Power,-,Electricity Generation,Electricity,Other Gaseous Fuels,Other,2050,mmbtu,40617295.848850615
521,Reference case,-,Electric Power,-,Electricity Generation,Electricity,Petroleum,Petroleum,2050,mmbtu,19495258.738248944
522,Reference case,-,Electric Power,-,Electricity Generation,Electricity,Pumped Storage and Other,Other,2050,mmbtu,-7688490.296636443
523,Reference case,-,Electric Power,-,Electricity Generation,Electricity,Solar Photovoltaic,Solar,2050,mmbtu,3394119159.919457
524,Reference case,-,Electric Power,-,Electricity Generation,Electricity,Solar Thermal,Solar,2050,mmbtu,9944275.441168616
525,Reference case,-,Electric Power,-,Electricity Generation,Electricity,Wind,Wind,2050,mmbtu,2212225235.112934
526,Reference case,-,Electric Power,-,Electricity Generation,Electricity,Wood and Other Biomass,Biomass,2050,mmbtu,131577702.67167704
