,Sector,End Use Application,Year,Energy carrier,Formula,Energy Unit,Emissions Unit,Total Emissions_ref_case,Electricity Production_ref_case,CI_ref_case_elec,Case,Mitigation Case,Total Emissions_mtg_elec,Electricity Production_mtg_elec,CI_elec_mtg,CI_diff_elec_mtg_ref_case
0,Electric Power,Electricity Generation,2020,Electricity,CH4,mmbtu,g,158224308672.29022,12897876667.935272,12.26746950260761,Mitigation,NREL Electric Power Decarb,146587253417.099,12909195718.130527,11.355258423359572,-0.9122110792480385
1,Electric Power,Electricity Generation,2021,Electricity,CH4,mmbtu,g,183645501643.86154,12987989579.111864,14.13964035967601,Mitigation,NREL Electric Power Decarb,198310103249.25452,12998618007.003963,15.256245174864,1.1166048151879906
2,Electric Power,Electricity Generation,2022,Electricity,CH4,mmbtu,g,192351182056.2705,13280692876.439043,14.483520087834883,Mitigation,NREL Electric Power Decarb,123691716374.43309,13079814081.539083,9.456687656517397,-5.0268324313174855
3,Electric Power,Electricity Generation,2023,Electricity,CH4,mmbtu,g,172987527595.79776,13458322010.506117,12.853573236006437,Mitigation,NREL Electric Power Decarb,101980496446.11185,13238539498.153172,7.703304164355783,-5.150269071650653
4,Electric Power,Electricity Generation,2024,Electricity,CH4,mmbtu,g,157769600969.252,13621485103.99811,11.58240821501499,Mitigation,NREL Electric Power Decarb,73154241966.87445,13385632520.689472,5.465131502288275,-6.1172767127267145
5,Electric Power,Electricity Generation,2025,Electricity,CH4,mmbtu,g,146368147584.50388,13812896973.295877,10.596484420862161,Mitigation,NREL Electric Power Decarb,58951061259.29692,13551283913.71615,4.350219627501764,-6.246264793360397
6,Electric Power,Electricity Generation,2026,Electricity,CH4,mmbtu,g,149700467787.82803,13909594190.212128,10.762389307746226,Mitigation,NREL Electric Power Decarb,49385945161.55657,13751962659.514048,3.5911924998858105,-7.171196807860415
7,Electric Power,Electricity Generation,2027,Electricity,CH4,mmbtu,g,145800779924.31607,13988830674.488163,10.422656712130857,Mitigation,NREL Electric Power Decarb,40261163287.75626,14060419970.293833,2.863439596599396,-7.559217115531461
8,Electric Power,Electricity Generation,2028,Electricity,CH4,mmbtu,g,146436291399.47943,14068516922.410578,10.408793777417458,Mitigation,NREL Electric Power Decarb,29721637945.354767,14366833256.353407,2.0687675157788195,-8.340026261638638
9,Electric Power,Electricity Generation,2029,Electricity,CH4,mmbtu,g,146792886887.9611,14162206859.113972,10.365113880079624,Mitigation,NREL Electric Power Decarb,18879842761.383194,14697718472.073124,1.2845424136580417,-9.080571466421583
10,Electric Power,Electricity Generation,2030,Electricity,CH4,mmbtu,g,145147110093.4122,14244730317.320719,10.189530223462512,Mitigation,NREL Electric Power Decarb,8556117125.666288,15008624561.303806,0.570080029033854,-9.619450194428659
11,Electric Power,Electricity Generation,2031,Electricity,CH4,mmbtu,g,143397311984.92386,14359477652.390785,9.986248487322161,Mitigation,NREL Electric Power Decarb,8370334163.1320915,15328456695.435677,0.5460650298620414,-9.440183457460119
12,Electric Power,Electricity Generation,2032,Electricity,CH4,mmbtu,g,141509350388.65378,14453383710.716713,9.790741961948275,Mitigation,NREL Electric Power Decarb,8240862671.109704,15649677637.862339,0.5265835413230506,-9.264158420625224
13,Electric Power,Electricity Generation,2033,Electricity,CH4,mmbtu,g,141553087388.71906,14556564560.49943,9.724347169993415,Mitigation,NREL Electric Power Decarb,7901289233.626648,16029577186.838158,0.49291937906599154,-9.231427790927423
14,Electric Power,Electricity Generation,2034,Electricity,CH4,mmbtu,g,141531740426.8108,14669355583.953632,9.6481225515883,Mitigation,NREL Electric Power Decarb,7921690570.422437,16399500184.558186,0.4830446343652304,-9.16507791722307
15,Electric Power,Electricity Generation,2035,Electricity,CH4,mmbtu,g,139098732392.5555,14793643877.621092,9.40260111323725,Mitigation,NREL Electric Power Decarb,6329387364.560079,16803499258.671177,0.37667079143017784,-9.025930321807072
16,Electric Power,Electricity Generation,2036,Electricity,CH4,mmbtu,g,139157147346.35446,14927147638.564331,9.32242051300153,Mitigation,NREL Electric Power Decarb,6462727794.279215,17238806347.97238,0.3748941582048317,-8.947526354796699
17,Electric Power,Electricity Generation,2037,Electricity,CH4,mmbtu,g,138049208201.5792,15065058491.206903,9.163536157669421,Mitigation,NREL Electric Power Decarb,6501747038.899763,17679422875.30891,0.36775787788752456,-8.795778279781896
18,Electric Power,Electricity Generation,2038,Electricity,CH4,mmbtu,g,135728770086.18979,15211362960.0084,8.92285395089375,Mitigation,NREL Electric Power Decarb,6598309723.5295105,18118034435.734383,0.36418463310322435,-8.558669317790525
19,Electric Power,Electricity Generation,2039,Electricity,CH4,mmbtu,g,135323555390.24763,15356846212.287525,8.81193661247781,Mitigation,NREL Electric Power Decarb,6696510358.0099125,18523980255.23324,0.36150493931335687,-8.450431673164454
20,Electric Power,Electricity Generation,2040,Electricity,CH4,mmbtu,g,135500067854.97737,15492560549.817965,8.746137697462121,Mitigation,NREL Electric Power Decarb,6801419316.348751,18933139288.122375,0.35923357520617794,-8.386904122255944
21,Electric Power,Electricity Generation,2041,Electricity,CH4,mmbtu,g,135216882172.88484,15645104771.439617,8.642759773633818,Mitigation,NREL Electric Power Decarb,6929122299.146066,19342623953.529327,0.35823073000815653,-8.284529043625662
22,Electric Power,Electricity Generation,2042,Electricity,CH4,mmbtu,g,135719605323.10504,15814546049.071836,8.581947588123814,Mitigation,NREL Electric Power Decarb,7090947371.746208,19757484227.822254,0.3588993057001063,-8.223048282423708
23,Electric Power,Electricity Generation,2043,Electricity,CH4,mmbtu,g,135163780003.83884,15996534187.484156,8.449566538581356,Mitigation,NREL Electric Power Decarb,7220128953.270608,20158098579.76851,0.3581750989409797,-8.091391439640377
24,Electric Power,Electricity Generation,2044,Electricity,CH4,mmbtu,g,134798191214.40503,16171779612.042152,8.3353962549693,Mitigation,NREL Electric Power Decarb,7334661121.723518,20557166606.7129,0.3567933880211099,-7.97860286694819
25,Electric Power,Electricity Generation,2045,Electricity,CH4,mmbtu,g,133124025305.0451,16349017408.512676,8.142631570979276,Mitigation,NREL Electric Power Decarb,7286742292.302341,20951552311.983906,0.34779009134012745,-7.794841479639149
26,Electric Power,Electricity Generation,2046,Electricity,CH4,mmbtu,g,132957650281.4911,16533654432.451284,8.041637184609934,Mitigation,NREL Electric Power Decarb,7487408840.991592,21342125803.21896,0.35082769682963316,-7.690809487780301
27,Electric Power,Electricity Generation,2047,Electricity,CH4,mmbtu,g,133183713788.4039,16719669136.080183,7.965690750482635,Mitigation,NREL Electric Power Decarb,7532870522.013734,21735497757.12217,0.3465699569518901,-7.619120793530745
28,Electric Power,Electricity Generation,2048,Electricity,CH4,mmbtu,g,134089479406.70116,16913561141.474007,7.927927080826182,Mitigation,NREL Electric Power Decarb,7517467779.81313,22122512551.29991,0.3398107589443499,-7.588116321881832
29,Electric Power,Electricity Generation,2049,Electricity,CH4,mmbtu,g,134899234029.57745,17126177455.08061,7.876785954332067,Mitigation,NREL Electric Power Decarb,7514211271.309408,22521288371.38507,0.3336492631947628,-7.5431366911373035
30,Electric Power,Electricity Generation,2050,Electricity,CH4,mmbtu,g,135022642296.51846,17347999157.22012,7.783182433480979,Mitigation,NREL Electric Power Decarb,7595749300.242455,22904421973.08087,0.3316280720451969,-7.451554361435782
31,Electric Power,Electricity Generation,2020,Electricity,CO2,mmbtu,g,1576491278912433.0,12897876667.935272,122228.74504852915,Mitigation,NREL Electric Power Decarb,1641662715579607.2,12909195718.130527,127170.02293752102,4941.27788899187
32,Electric Power,Electricity Generation,2021,Electricity,CO2,mmbtu,g,1653673310334446.8,12987989579.111864,127323.270492455,Mitigation,NREL Electric Power Decarb,1793205272145869.0,12998618007.003963,137953.5325355086,10630.26204305359
33,Electric Power,Electricity Generation,2022,Electricity,CO2,mmbtu,g,1708795972006053.2,13280692876.439043,128667.68231931535,Mitigation,NREL Electric Power Decarb,1518228613558730.0,13079814081.539083,116074.17384483818,-12593.508474477174
34,Electric Power,Electricity Generation,2023,Electricity,CO2,mmbtu,g,1610422328422873.8,13458322010.506117,119659.96408510007,Mitigation,NREL Electric Power Decarb,1380182522606522.2,13238539498.153172,104254.89328328575,-15405.07080181432
35,Electric Power,Electricity Generation,2024,Electricity,CO2,mmbtu,g,1510627330810410.5,13621485103.99811,110900.3401080708,Mitigation,NREL Electric Power Decarb,1276459728684790.0,13385632520.689472,95360.43416042035,-15539.905947650448
36,Electric Power,Electricity Generation,2025,Electricity,CO2,mmbtu,g,1463150954901912.0,13812896973.295877,105926.43655639976,Mitigation,NREL Electric Power Decarb,1126373274478401.5,13551283913.71615,83119.30306015688,-22807.13349624288
37,Electric Power,Electricity Generation,2026,Electricity,CO2,mmbtu,g,1497385000400927.2,13909594190.212128,107651.23553745398,Mitigation,NREL Electric Power Decarb,941349162296123.1,13751962659.514048,68451.9864984412,-39199.24903901278
38,Electric Power,Electricity Generation,2027,Electricity,CO2,mmbtu,g,1476547427945505.5,13988830674.488163,105551.8836637524,Mitigation,NREL Electric Power Decarb,746324551599587.5,14060419970.293833,53079.81932092964,-52472.064342822756
39,Electric Power,Electricity Generation,2028,Electricity,CO2,mmbtu,g,1473654032832866.5,14068516922.410578,104748.35698462254,Mitigation,NREL Electric Power Decarb,544106063995451.44,14366833256.353407,37872.372727290676,-66875.98425733187
40,Electric Power,Electricity Generation,2029,Electricity,CO2,mmbtu,g,1475393159779199.5,14162206859.113972,104178.19584591947,Mitigation,NREL Electric Power Decarb,336398189884516.06,14697718472.073124,22887.782925200285,-81290.41292071919
41,Electric Power,Electricity Generation,2030,Electricity,CO2,mmbtu,g,1455707182308410.2,14244730317.320719,102192.68107437313,Mitigation,NREL Electric Power Decarb,184001672329908.62,15008624561.303806,12259.72916960782,-89932.95190476532
42,Electric Power,Electricity Generation,2031,Electricity,CO2,mmbtu,g,1448398338904051.0,14359477652.390785,100867.06313184724,Mitigation,NREL Electric Power Decarb,181852172343608.38,15328456695.435677,11863.697432616169,-89003.36569923107
43,Electric Power,Electricity Generation,2032,Electricity,CO2,mmbtu,g,1438072010113765.0,14453383710.716713,99497.25537608757,Mitigation,NREL Electric Power Decarb,180967387443321.16,15649677637.862339,11563.649528824437,-87933.60584726314
44,Electric Power,Electricity Generation,2033,Electricity,CO2,mmbtu,g,1438941777964353.5,14556564560.49943,98851.74293590218,Mitigation,NREL Electric Power Decarb,178570068210327.88,16029577186.838158,11140.03608011266,-87711.70685578951
45,Electric Power,Electricity Generation,2034,Electricity,CO2,mmbtu,g,1440991407732380.2,14669355583.953632,98231.40488247742,Mitigation,NREL Electric Power Decarb,174217648068110.97,16399500184.558186,10623.351084330898,-87608.05379814652
46,Electric Power,Electricity Generation,2035,Electricity,CO2,mmbtu,g,1421673128684104.5,14793643877.621092,96100.26714477854,Mitigation,NREL Electric Power Decarb,155708885208573.4,16803499258.671177,9266.455921567785,-86833.81122321075
47,Electric Power,Electricity Generation,2036,Electricity,CO2,mmbtu,g,1424875601225704.8,14927147638.564331,95455.31642927778,Mitigation,NREL Electric Power Decarb,157167773446978.94,17238806347.97238,9117.091420048635,-86338.22500922915
48,Electric Power,Electricity Generation,2037,Electricity,CO2,mmbtu,g,1425275561312515.5,15065058491.206903,94608.03369229619,Mitigation,NREL Electric Power Decarb,159175915025958.0,17679422875.30891,9003.45651261406,-85604.57717968212
49,Electric Power,Electricity Generation,2038,Electricity,CO2,mmbtu,g,1422000916255844.0,15211362960.0084,93482.80755605997,Mitigation,NREL Electric Power Decarb,159515719558763.8,18118034435.734383,8804.25082116796,-84678.55673489202
50,Electric Power,Electricity Generation,2039,Electricity,CO2,mmbtu,g,1429259760684436.2,15356846212.287525,93069.87521570918,Mitigation,NREL Electric Power Decarb,161363294601195.1,18523980255.23324,8711.048725913433,-84358.82648979574
51,Electric Power,Electricity Generation,2040,Electricity,CO2,mmbtu,g,1440779442217382.8,15492560549.817965,92998.14821342181,Mitigation,NREL Electric Power Decarb,163459048696758.62,18933139288.122375,8633.488942813829,-84364.65927060798
52,Electric Power,Electricity Generation,2041,Electricity,CO2,mmbtu,g,1444253913516990.2,15645104771.439617,92313.4702270258,Mitigation,NREL Electric Power Decarb,163945877509747.03,19342623953.529327,8475.886100232687,-83837.58412679311
53,Electric Power,Electricity Generation,2042,Electricity,CO2,mmbtu,g,1456435029178091.5,15814546049.071836,92094.6465778302,Mitigation,NREL Electric Power Decarb,166072222301049.4,19757484227.822254,8405.534853834704,-83689.11172399549
54,Electric Power,Electricity Generation,2043,Electricity,CO2,mmbtu,g,1465335795536054.5,15996534187.484156,91603.32971891796,Mitigation,NREL Electric Power Decarb,167642664185703.34,20158098579.76851,8316.392715429836,-83286.93700348813
55,Electric Power,Electricity Generation,2044,Electricity,CO2,mmbtu,g,1472532729169780.2,16171779612.042152,91055.70101099285,Mitigation,NREL Electric Power Decarb,168112770276590.66,20557166606.7129,8177.818154263234,-82877.88285672962
56,Electric Power,Electricity Generation,2045,Electricity,CO2,mmbtu,g,1471321884578324.8,16349017408.512676,89994.51452123543,Mitigation,NREL Electric Power Decarb,169362344478456.78,20951552311.983906,8083.522497833471,-81910.99202340195
57,Electric Power,Electricity Generation,2046,Electricity,CO2,mmbtu,g,1474759372867639.5,16533654432.451284,89197.42328550598,Mitigation,NREL Electric Power Decarb,170342970222775.56,21342125803.21896,7981.537162389105,-81215.88612311687
58,Electric Power,Electricity Generation,2047,Electricity,CO2,mmbtu,g,1481638822183545.8,16719669136.080183,88616.51568129692,Mitigation,NREL Electric Power Decarb,170666418500659.84,21735497757.12217,7851.967339682239,-80764.54834161469
59,Electric Power,Electricity Generation,2048,Electricity,CO2,mmbtu,g,1495710410973752.2,16913561141.474007,88432.61324228742,Mitigation,NREL Electric Power Decarb,171223324585390.62,22122512551.29991,7739.7774863203595,-80692.83575596707
60,Electric Power,Electricity Generation,2049,Electricity,CO2,mmbtu,g,1510306848919074.5,17126177455.08061,88187.03723468838,Mitigation,NREL Electric Power Decarb,171692263949375.56,22521288371.38507,7623.554261998751,-80563.48297268963
61,Electric Power,Electricity Generation,2050,Electricity,CO2,mmbtu,g,1522674062401858.0,17347999157.22012,87772.31590815079,Mitigation,NREL Electric Power Decarb,172444294061474.12,22904421973.08087,7528.864699757304,-80243.45120839348
62,Electric Power,Electricity Generation,2020,Electricity,N2O,mmbtu,g,26531725717.86974,12897876667.935272,2.0570615149258527,Mitigation,NREL Electric Power Decarb,28327506009.490044,12909195718.130527,2.1943664522573645,0.13730493733151183
63,Electric Power,Electricity Generation,2021,Electricity,N2O,mmbtu,g,30259459831.419792,12987989579.111864,2.329803211428891,Mitigation,NREL Electric Power Decarb,34226136294.76813,12998618007.003963,2.633059628056327,0.3032564166274363
64,Electric Power,Electricity Generation,2022,Electricity,N2O,mmbtu,g,31568515891.48922,13280692876.439043,2.37702326115034,Mitigation,NREL Electric Power Decarb,25232960466.186604,13079814081.539083,1.9291528387854178,-0.44787042236492214
65,Electric Power,Electricity Generation,2023,Electricity,N2O,mmbtu,g,28792998684.89107,13458322010.506117,2.1394196588857124,Mitigation,NREL Electric Power Decarb,22101437048.1728,13238539498.153172,1.6694769880964615,-0.4699426707892509
66,Electric Power,Electricity Generation,2024,Electricity,N2O,mmbtu,g,26657180849.496983,13621485103.99811,1.9569951914914696,Mitigation,NREL Electric Power Decarb,18423525045.0891,13385632520.689472,1.3763656679363354,-0.5806295235551342
67,Electric Power,Electricity Generation,2025,Electricity,N2O,mmbtu,g,25059037230.28427,13812896973.295877,1.8141768000391425,Mitigation,NREL Electric Power Decarb,15740371212.60962,13551283913.71615,1.161540951605165,-0.6526358484339776
68,Electric Power,Electricity Generation,2026,Electricity,N2O,mmbtu,g,25589519565.334785,13909594190.212128,1.8397028134251079,Mitigation,NREL Electric Power Decarb,13019843782.838558,13751962659.514048,0.9467625898352053,-0.8929402235899025
69,Electric Power,Electricity Generation,2027,Electricity,N2O,mmbtu,g,25071073765.857643,13988830674.488163,1.792220833123707,Mitigation,NREL Electric Power Decarb,10665982117.319344,14060419970.293833,0.7585820437692408,-1.0336387893544663
70,Electric Power,Electricity Generation,2028,Electricity,N2O,mmbtu,g,25177659016.159706,14068516922.410578,1.7896455720967086,Mitigation,NREL Electric Power Decarb,7838806828.180596,14366833256.353407,0.545618278454931,-1.2440272936417776
71,Electric Power,Electricity Generation,2029,Electricity,N2O,mmbtu,g,25258386821.927895,14162206859.113972,1.7835064176931625,Mitigation,NREL Electric Power Decarb,5036645042.3458805,14697718472.073124,0.3426821007570611,-1.4408243169361015
72,Electric Power,Electricity Generation,2030,Electricity,N2O,mmbtu,g,25098465410.779285,14244730317.320719,1.7619473904859462,Mitigation,NREL Electric Power Decarb,2664989575.370407,15008624561.303806,0.17756387765481543,-1.5843835128311308
73,Electric Power,Electricity Generation,2031,Electricity,N2O,mmbtu,g,24895234308.066326,14359477652.390785,1.7337144783899145,Mitigation,NREL Electric Power Decarb,2649671284.437855,15328456695.435677,0.17285962553730813,-1.5608548528526065
74,Electric Power,Electricity Generation,2032,Electricity,N2O,mmbtu,g,24659263308.71153,14453383710.716713,1.7061238947408204,Mitigation,NREL Electric Power Decarb,2626505523.410985,15649677637.862339,0.16783128599764252,-1.5382926087431779
75,Electric Power,Electricity Generation,2033,Electricity,N2O,mmbtu,g,24738881196.45738,14556564560.49943,1.6994999811692242,Mitigation,NREL Electric Power Decarb,2541212885.5709014,16029577186.838158,0.15853274580801074,-1.5409672353612134
76,Electric Power,Electricity Generation,2034,Electricity,N2O,mmbtu,g,24791556505.710644,14669355583.953632,1.6900235571922044,Mitigation,NREL Electric Power Decarb,2588980532.492765,16399500184.558186,0.15786947793266018,-1.5321540792595443
77,Electric Power,Electricity Generation,2035,Electricity,N2O,mmbtu,g,24495076063.72304,14793643877.621092,1.6557838127209263,Mitigation,NREL Electric Power Decarb,2439119158.952201,16803499258.671177,0.14515542991401226,-1.510628382806914
78,Electric Power,Electricity Generation,2036,Electricity,N2O,mmbtu,g,24553530786.56255,14927147638.564331,1.6448909986746851,Mitigation,NREL Electric Power Decarb,2478561580.677434,17238806347.97238,0.14377802793573125,-1.501112970738954
79,Electric Power,Electricity Generation,2037,Electricity,N2O,mmbtu,g,24445481374.37322,15065058491.206903,1.622660900297296,Mitigation,NREL Electric Power Decarb,2467860501.925966,17679422875.30891,0.13958942660806992,-1.483071473689226
80,Electric Power,Electricity Generation,2038,Electricity,N2O,mmbtu,g,24142665642.469448,15211362960.0084,1.5871467734970224,Mitigation,NREL Electric Power Decarb,2505909665.1369295,18118034435.734383,0.1383102385650895,-1.448836534931933
81,Electric Power,Electricity Generation,2039,Electricity,N2O,mmbtu,g,24118472990.17503,15356846212.287525,1.5705355550723061,Mitigation,NREL Electric Power Decarb,2528772004.229187,18523980255.23324,0.13651342580732775,-1.4340221292649784
82,Electric Power,Electricity Generation,2040,Electricity,N2O,mmbtu,g,24182973811.67067,15492560549.817965,1.5609410551540375,Mitigation,NREL Electric Power Decarb,2549847501.058617,18933139288.122375,0.1346764243507284,-1.4262646308033091
83,Electric Power,Electricity Generation,2041,Electricity,N2O,mmbtu,g,24184820095.452454,15645104771.439617,1.5458394461890865,Mitigation,NREL Electric Power Decarb,2602344955.134327,19342623953.529327,0.13453939658789124,-1.4113000496011954
84,Electric Power,Electricity Generation,2042,Electricity,N2O,mmbtu,g,24296772502.95619,15814546049.071836,1.5363559869226964,Mitigation,NREL Electric Power Decarb,2652061572.678323,19757484227.822254,0.13423073211637548,-1.4021252548063208
85,Electric Power,Electricity Generation,2043,Electricity,N2O,mmbtu,g,24256779010.905968,15996534187.484156,1.5163771556144148,Mitigation,NREL Electric Power Decarb,2695076051.9731174,20158098579.76851,0.13369693779938183,-1.382680217815033
86,Electric Power,Electricity Generation,2044,Electricity,N2O,mmbtu,g,24236389945.010178,16171779612.042152,1.4986841600885281,Mitigation,NREL Electric Power Decarb,2739565189.379351,20557166606.7129,0.13326569958744958,-1.3654184605010786
87,Electric Power,Electricity Generation,2045,Electricity,N2O,mmbtu,g,24017769273.512074,16349017408.512676,1.4690650008731656,Mitigation,NREL Electric Power Decarb,2714215837.1826935,20951552311.983906,0.12954724293293587,-1.3395177579402298
88,Electric Power,Electricity Generation,2046,Electricity,N2O,mmbtu,g,24019150996.87931,16533654432.451284,1.4527430154664376,Mitigation,NREL Electric Power Decarb,2811824088.8413196,21342125803.21896,0.13174995381281193,-1.3209930616536256
89,Electric Power,Electricity Generation,2047,Electricity,N2O,mmbtu,g,24112072084.946217,16719669136.080183,1.4421381122257741,Mitigation,NREL Electric Power Decarb,2833093241.8214464,21735497757.12217,0.13034407003138973,-1.3117940421943843
90,Electric Power,Electricity Generation,2048,Electricity,N2O,mmbtu,g,24291265851.668274,16913561141.474007,1.4362005522363521,Mitigation,NREL Electric Power Decarb,2858737622.733507,22122512551.29991,0.12922300828644026,-1.3069775439499118
91,Electric Power,Electricity Generation,2049,Electricity,N2O,mmbtu,g,24442977441.630516,17126177455.08061,1.4272290186027077,Mitigation,NREL Electric Power Decarb,2846825442.5706882,22521288371.38507,0.12640597623126154,-1.3008230423714462
92,Electric Power,Electricity Generation,2050,Electricity,N2O,mmbtu,g,24462278070.935818,17347999157.22012,1.410092186957179,Mitigation,NREL Electric Power Decarb,2868719046.444277,22904421973.08087,0.1252473889022752,-1.2848447980549038
93,Electric Power,Electricity Generation,2020,Electricity,SF6,mmbtu,g,200000000.0,12897876667.935272,0.015506428317554733,Mitigation,NREL Electric Power Decarb,200000000.0,12909195718.130527,0.015492831960019538,-1.3596357535195294e-05
94,Electric Power,Electricity Generation,2021,Electricity,SF6,mmbtu,g,200000000.0,12987989579.111864,0.015398842044164642,Mitigation,NREL Electric Power Decarb,200000000.0,12998618007.003963,0.015386251053168518,-1.2590990996123527e-05
95,Electric Power,Electricity Generation,2022,Electricity,SF6,mmbtu,g,200000000.0,13280692876.439043,0.015059455245352084,Mitigation,NREL Electric Power Decarb,200000000.0,13079814081.539083,0.0152907372194442,0.00023128197409211584
96,Electric Power,Electricity Generation,2023,Electricity,SF6,mmbtu,g,200000000.0,13458322010.506117,0.014860693617218538,Mitigation,NREL Electric Power Decarb,200000000.0,13238539498.153172,0.015107406676386076,0.000246713059167538
97,Electric Power,Electricity Generation,2024,Electricity,SF6,mmbtu,g,200000000.0,13621485103.99811,0.014682686834293641,Mitigation,NREL Electric Power Decarb,200000000.0,13385632520.689472,0.01494139329545096,0.0002587064611573181
98,Electric Power,Electricity Generation,2025,Electricity,SF6,mmbtu,g,200000000.0,13812896973.295877,0.014479221874068483,Mitigation,NREL Electric Power Decarb,200000000.0,13551283913.71615,0.014758749154208686,0.0002795272801402026
99,Electric Power,Electricity Generation,2026,Electricity,SF6,mmbtu,g,200000000.0,13909594190.212128,0.014378564698942515,Mitigation,NREL Electric Power Decarb,200000000.0,13751962659.514048,0.014543378639966973,0.00016481394102445777
100,Electric Power,Electricity Generation,2027,Electricity,SF6,mmbtu,g,200000000.0,13988830674.488163,0.014297120656749804,Mitigation,NREL Electric Power Decarb,200000000.0,14060419970.293833,0.014224326188161536,-7.279446858826817e-05
101,Electric Power,Electricity Generation,2028,Electricity,SF6,mmbtu,g,200000000.0,14068516922.410578,0.01421613956204638,Mitigation,NREL Electric Power Decarb,200000000.0,14366833256.353407,0.01392095226772083,-0.0002951872943255506
102,Electric Power,Electricity Generation,2029,Electricity,SF6,mmbtu,g,200000000.0,14162206859.113972,0.014122092834090447,Mitigation,NREL Electric Power Decarb,200000000.0,14697718472.073124,0.01360755415066743,-0.0005145386834230162
103,Electric Power,Electricity Generation,2030,Electricity,SF6,mmbtu,g,200000000.0,14244730317.320719,0.014040279846983994,Mitigation,NREL Electric Power Decarb,200000000.0,15008624561.303806,0.01332567146197079,-0.0007146083850132039
104,Electric Power,Electricity Generation,2031,Electricity,SF6,mmbtu,g,200000000.0,14359477652.390785,0.013928083238229836,Mitigation,NREL Electric Power Decarb,200000000.0,15328456695.435677,0.013047627949365157,-0.0008804552888646792
105,Electric Power,Electricity Generation,2032,Electricity,SF6,mmbtu,g,200000000.0,14453383710.716713,0.013837590145185623,Mitigation,NREL Electric Power Decarb,200000000.0,15649677637.862339,0.012779815957111236,-0.0010577741880743868
106,Electric Power,Electricity Generation,2033,Electricity,SF6,mmbtu,g,200000000.0,14556564560.49943,0.013739505579683156,Mitigation,NREL Electric Power Decarb,200000000.0,16029577186.838158,0.012476935459297046,-0.0012625701203861101
107,Electric Power,Electricity Generation,2034,Electricity,SF6,mmbtu,g,200000000.0,14669355583.953632,0.013633864068219466,Mitigation,NREL Electric Power Decarb,200000000.0,16399500184.558186,0.012195493627807056,-0.0014383704404124092
108,Electric Power,Electricity Generation,2035,Electricity,SF6,mmbtu,g,200000000.0,14793643877.621092,0.013519319625001086,Mitigation,NREL Electric Power Decarb,200000000.0,16803499258.671177,0.01190228278772311,-0.001617036837277975
109,Electric Power,Electricity Generation,2036,Electricity,SF6,mmbtu,g,200000000.0,14927147638.564331,0.013398407039486861,Mitigation,NREL Electric Power Decarb,200000000.0,17238806347.97238,0.011601731347456309,-0.001796675692030552
110,Electric Power,Electricity Generation,2037,Electricity,SF6,mmbtu,g,200000000.0,15065058491.206903,0.013275753301371845,Mitigation,NREL Electric Power Decarb,200000000.0,17679422875.30891,0.011312586469059468,-0.0019631668323123776
111,Electric Power,Electricity Generation,2038,Electricity,SF6,mmbtu,g,200000000.0,15211362960.0084,0.013148065727299532,Mitigation,NREL Electric Power Decarb,200000000.0,18118034435.734383,0.011038725017849508,-0.0021093407094500242
112,Electric Power,Electricity Generation,2039,Electricity,SF6,mmbtu,g,200000000.0,15356846212.287525,0.013023507381351083,Mitigation,NREL Electric Power Decarb,200000000.0,18523980255.23324,0.010796815654319092,-0.0022266917270319913
113,Electric Power,Electricity Generation,2040,Electricity,SF6,mmbtu,g,200000000.0,15492560549.817965,0.012909421871025057,Mitigation,NREL Electric Power Decarb,200000000.0,18933139288.122375,0.010563488545476932,-0.0023459333255481246
114,Electric Power,Electricity Generation,2041,Electricity,SF6,mmbtu,g,200000000.0,15645104771.439617,0.012783551335821229,Mitigation,NREL Electric Power Decarb,200000000.0,19342623953.529327,0.010339858774099119,-0.0024436925617221106
115,Electric Power,Electricity Generation,2042,Electricity,SF6,mmbtu,g,200000000.0,15814546049.071836,0.012646584946504873,Mitigation,NREL Electric Power Decarb,200000000.0,19757484227.822254,0.010122746281551494,-0.0025238386649533793
116,Electric Power,Electricity Generation,2043,Electricity,SF6,mmbtu,g,200000000.0,15996534187.484156,0.012502708252671503,Mitigation,NREL Electric Power Decarb,200000000.0,20158098579.76851,0.009921570688255695,-0.002581137564415808
117,Electric Power,Electricity Generation,2044,Electricity,SF6,mmbtu,g,200000000.0,16171779612.042152,0.012367222705104887,Mitigation,NREL Electric Power Decarb,200000000.0,20557166606.7129,0.009728967217432116,-0.002638255487672771
118,Electric Power,Electricity Generation,2045,Electricity,SF6,mmbtu,g,200000000.0,16349017408.512676,0.0122331510819643,Mitigation,NREL Electric Power Decarb,200000000.0,20951552311.983906,0.009545832071144612,-0.0026873190108196877
119,Electric Power,Electricity Generation,2046,Electricity,SF6,mmbtu,g,200000000.0,16533654432.451284,0.012096539262817285,Mitigation,NREL Electric Power Decarb,200000000.0,21342125803.21896,0.009371137713462202,-0.002725401549355083
120,Electric Power,Electricity Generation,2047,Electricity,SF6,mmbtu,g,200000000.0,16719669136.080183,0.01196195919741081,Mitigation,NREL Electric Power Decarb,200000000.0,21735497757.12217,0.009201537606124759,-0.0027604215912860504
121,Electric Power,Electricity Generation,2048,Electricity,SF6,mmbtu,g,200000000.0,16913561141.474007,0.011824830875478783,Mitigation,NREL Electric Power Decarb,200000000.0,22122512551.29991,0.009040564426677116,-0.0027842664488016665
122,Electric Power,Electricity Generation,2049,Electricity,SF6,mmbtu,g,200000000.0,17126177455.08061,0.011678029176362906,Mitigation,NREL Electric Power Decarb,200000000.0,22521288371.38507,0.00888048661790213,-0.002797542558460776
123,Electric Power,Electricity Generation,2050,Electricity,SF6,mmbtu,g,200000000.0,17347999157.22012,0.01152870703920696,Mitigation,NREL Electric Power Decarb,200000000.0,22904421973.08087,0.008731938323309629,-0.002796768715897331
